,חותמת זמן,מתייג ,מספר תיק,הודאה,מספר עבירה,סוג עבירה,עבירות נוספות,סוג הנשק [אקדח],סוג הנשק [תת מקלע],סוג הנשק [תת מקלע מאולתר],סוג הנשק [בקבוק תבערה],סוג הנשק [מטען חבלה],סוג הנשק [רימון רסס],סוג הנשק [רימון הלם/גז],סוג הנשק [טיל לאו ],סוג הנשק [טיל מטאדור],סוג הנשק [רובה צייד],סוג הנשק [רובה צלפים],סוג הנשק [מטען חבלה מאולתר],סוג הנשק - אם לא נמצא בטבלה,עבר פלילי,אופן קבלת הנשק,כסף ששולם,סטטוס הנשק,חרטה,מספר תיק.1,כמות תחמושת,אופן החזקת הנשק,תכנון,מטרה-סיבת העבירה,שימוש,נזק,בריחה,מתחם ענישה - מאשימה ,מתחם ענישה - שופט ,עונש,הערות ומחשבות,סוג הנשק [רובה סער ],סוג הנשק [רובה סער מאולתר]
0,29/02/2024 11:45:44,ליאור,SH-17-10-10556-234,כן,144 א,החזקה נשק,,2.0,,,,,,,,,,,,,כן,,,נשק עם מחסנית בהכנס,כן,לא,מחסנית ובה 10 כדורים,"מוסלק - מוסתר, סמוך לבית",לא,,,לא נגרם נזק,לא,1 - 3.5 שנים,8 - 24 חודשים,10 חודשים,,,
1,25/02/2024 12:42:05,ליאור,m07001074-98,כן,144 א,החזקה נשק,,,1.0,,,,,,,,,,,,כן,מצא,,"נשק מפורק, תקול",כן,לא,מחסנית ריקה ובה 0 כדורים + מחסנית ריקה ובה 0 כדורים,"בבית, מוסלק - מוסתר",לא,,,"לא נגרם נזק, פוטנציאל נזק קטן",לא,,,6 חודשים עבודות שירות,,,
2,25/02/2024 13:40:03,איתי,m07001074-98,כן,144 א,החזקה נשק,,,1.0,,,,,,,,,,,,כן,מצא,,"נשק מפורק, תקול",כן,לא,מחסנית ריקה ובה 0 כדורים + מחסנית ריקה ובה 0 כדורים,"בבית, מוסלק - מוסתר",לא,,,"לא נגרם נזק, פוטנציאל נזק קטן",לא,,,6 חודשים עבודות שירות,"כי מדובר בנאשם ללא עבר פלילי, למעט הרשעה בעבירת איומים אחת לפני כ-18 שנים,",,
3,25/02/2024 11:35:43,איתי,ME-09-06-10774-130,כן,"144 א, 144 ב","החזקה נשק, נשיאת נשק",,1.0,,,,,,,,,,,,,לא,,,תקין,כן,לא,,ברכב,לא,,,לא נגרם נזק,לא,,,6 חודשים,,,
4,07/03/2024 12:06:33,ליאור,ME-09-06-10774-130,כן,"144 א, 144 ב","החזקה נשק, נשיאת נשק",,1.0,,,,,,,,,,,,,לא,,,תקין,כן,לא,,ברכב,לא,,,לא נגרם נזק,לא,,,6 חודשים,,,
5,19/02/2024 11:33:22,איתי,SH-16-02-10948-419,כן,144 א,החזקה נשק,,1.0,,,,,,,,,,,,,לא,,,תקין,כן,לא,,"בבית, מוסלק - מוסתר",לא,,,לא נגרם נזק,לא,12 - 24 חודשים,,9 חודשים,ומשמתעתד אני לדון את הנאשם בתוך אותו מנעד עונש עליו הסכימו הצדדים דומה כי בעניינו של הנאשם אכן אין מקום לקבוע את מתחם העונש ההולם. ?????????? דיון והכרעה סעיף 15,,
6,29/02/2024 08:48:57,ליאור,SH-16-02-10948-419,כן,144 א,החזקה נשק,,1.0,,,,,,,,,,,,,לא,,,תקין,כן,לא,,"בבית, מוסלק - מוסתר",לא,,,לא נגרם נזק,לא,12 - 24 חודשים,,9 חודשים,,,
7,19/02/2024 11:43:16,איתי,SH-18-06-11098-353,כן,144 א,החזקה נשק,,,,,,,,,,,,,,,כן,,,נשק מופרד מתחמושת,לא,לא,מספר מחסניות,מוסלק - מוסתר,לא,,,לא נגרם נזק,לא,2.5 - 4  שנים,20 - 40 חודשים,28 חודשים,,1.0,
8,29/02/2024 11:05:00,ליאור,SH-18-06-11098-353,כן,144 א,החזקה נשק,,,,,,,,,,,,,,,כן,,,נשק מופרד מתחמושת,לא,לא,מספר מחסניות,מוסלק - מוסתר,לא,,,לא נגרם נזק,לא,2.5 - 4  שנים,20 - 40 חודשים,28 חודשים,,1.0,
9,18/02/2024 12:24:49,איתי,ME-15-06-12109-344,כן,144 ב,"נשיאת נשק, הובלת נשק",,1.0,,,,,,,,,,,,,כן,,,תקין,כן,לא,,ברכב,כן,,,"לא נגרם נזק, פוטנציאל נזק גדול",לא,18 - 24 חודשים,8 - 30 חודשים,9 חודשים,,,
10,19/02/2024 11:43:10,ליאור,ME-15-06-12109-344,כן,144 ב,"נשיאת נשק, הובלת נשק",,1.0,,,,,,,,,,,,,כן,,,תקין,כן,לא,,ברכב,כן,,,"לא נגרם נזק, פוטנציאל נזק גדול",לא,18 - 24 חודשים,8 - 30 חודשים,9 חודשים,,,
11,18/02/2024 12:56:31,איתי,ME-16-10-12213-904,כן,144 ב,נשיאת נשק,,,,1.0,,,,,,,,,,,כן,מצא,,נשק מופרד מתחמושת,כן,לא,מחסנית ריקה ובה 0 כדורים + 1 כדור,"ברכב, מוסלק - מוסתר",כן,,,"לא נגרם נזק, פוטנציאל נזק גדול",לא,2.5 - 5 שנים,15 - 36 חודשים,20 חודשים,,,
12,22/02/2024 13:46:58,ליאור,ME-16-10-12213-904,כן,144 ב,נשיאת נשק,,,,1.0,,,,,,,,,,,כן,מצא,,נשק מופרד מתחמושת,כן,לא,מחסנית ריקה ובה 0 כדורים + 1 כדור,"ברכב, מוסלק - מוסתר",כן,,,"לא נגרם נזק, פוטנציאל נזק גדול",לא,2.5 - 5 שנים,15 - 36  חודשים,20 חודשים,,,
13,18/02/2024 12:35:41,איתי,ME-16-04-12480-812,כן,"144 א, 144 ב","החזקה נשק, נשיאת נשק, הובלת נשק","יסיון חבלה חמורה בנסיבות מחמירות, איומים ",,,1.0,,,,,,,,,,,לא,,,נשק עם כדור בקנה,לא,לא,מחסנית + 17 כדורים,"ברכב, על גופו, מוסלק - מוסתר",כן,סכסוך,ירי,"לא נגרם נזק, פוטנציאל נזק גדול",לא,3 - 6 שנים,18 - 45 חודשים,36 חודשים,"קיימים 3 אישומים נפרדים, לקחתי את המתחם הגבוה מבניהם גם אצל השופט גם אצל המאשימה.",,
14,19/02/2024 12:14:03,ליאור,ME-16-04-12480-812,כן,"144 א, 144 ב","החזקה נשק, נשיאת נשק, הובלת נשק","יסיון חבלה חמורה בנסיבות מחמירות, איומים ",,,1.0,,,,,,,,,,,לא,,,נשק עם כדור בקנה,לא,לא,מחסנית + 17 כדורים,"ברכב, על גופו, מוסלק - מוסתר",כן,סכסוך,ירי,"לא נגרם נזק, פוטנציאל נזק גדול",לא,3 - 6 שנים,18 - 45 חודשים,36 חודשים,,,
15,25/02/2024 14:14:17,רותם,ME-19-04-1316-977,כן,144 ב,"סחר בנשק, ניסיון לסחר",,,,1.0,,,,,,,,,,,לא,מאחר,"מכר ב19,000 שקל",תקין,כן,כן,900 כדורים,ברכב,כן,בצע כסף,,"לא נגרם נזק, פוטנציאל נזק גדול",לא,4 - 8 שנים,45 - 70 חודשים,45 חודשים,,,
16,25/02/2024 16:53:26,חן,ME-19-04-1316-977,כן,144 ב,"סחר בנשק, ניסיון לסחר",,,,1.0,,,,,,,,,,,לא,מאחר,"מכר ב19,000 שקל",תקין,כן,כן,900 כדורים,ברכב,כן,בצע כסף,,"לא נגרם נזק, פוטנציאל נזק גדול",לא,4 - 8 שנים,45 - 70 חודשים,45 חודשים,,,
17,29/02/2024 10:13:37,רותם,ME-14-07-13179-197,כן,"144 א, 144 ב","החזקה נשק, נשיאת נשק","ירי באזור מגורים, לפי סעיף 340א לחוק; שיבוש מהלכי משפט, לפי סעיף 244 לחוק; הפרת הוראה חוקית, לפי סעיף 287(א) לחוק; גניבה, לפי סעיף 384 לחוק; ואיומים, לפי סעיף 192 לחוק.",1.0,,,,,,,,,,,,,כן,מאחר,,נשק עם כדור בקנה,כן,לא,3 מחסניות,"בבית, על גופו",כן,סכסוך,ירי,"לא נגרם נזק, פוטנציאל נזק גדול",לא,1 - 3 שנים; 3 - 5 שנים,12 חודשים; 14 - 40 חודשים,24 חודשים,,,
18,29/02/2024 11:11:10,חן,ME-14-07-13179-197,כן,"144 א, 144 ב","החזקה נשק, נשיאת נשק","ירי באזור מגורים, לפי סעיף 340א לחוק; שיבוש מהלכי משפט, לפי סעיף 244 לחוק; הפרת הוראה חוקית, לפי סעיף 287(א) לחוק; גניבה, לפי סעיף 384 לחוק; ואיומים, לפי סעיף 192 לחוק.",1.0,,,,,,,,,,,,,כן,מאחר,,נשק עם כדור בקנה,כן,לא,3 מחסניות,"בבית, על גופו",כן,סכסוך,ירי,"לא נגרם נזק, פוטנציאל נזק גדול",לא,1 - 3 שנים; 3 - 5 שנים,12 חודשים; 14 - 40 חודשים,24 חודשים,,,
19,22/02/2024 11:07:19,רותם,ME-12-03-13401-281,כן,"144 א, 144 ב","החזקה נשק, נשיאת נשק, הובלת נשק",יריות באזור מגורים - עבירה לפי סעיף 340א לחוק.,1.0,,,,,,,,,,,,,לא,,,נשק עם כדור בקנה,כן,לא,"2 מחסניות ובהן כדורים, 11 כדורים",ברכב,לא,,ירי,"לא נגרם נזק, פוטנציאל נזק גדול",לא,36 - 50 חודשים,,20 חודשים,"אקדח גנוב, אין מתחם ענישה של השופט",,
20,22/02/2024 12:53:04,חן,ME-12-03-13401-281,כן,"144 א, 144 ב","החזקה נשק, נשיאת נשק, הובלת נשק",יריות באזור מגורים - עבירה לפי סעיף 340א לחוק.,1.0,,,,,,,,,,,,,לא,,,נשק עם כדור בקנה,כן,לא,"2 מחסניות ובהן כדורים, 11 כדורים",ברכב,לא,,ירי,"לא נגרם נזק, פוטנציאל נזק גדול",לא,36 - 50 חודשים,,20 חודשים,"אקדח גנוב, אין מתחם ענישה של השופט",,
21,18/02/2024 14:17:22,איתי,ME-16-11-13999-863,כן,"144 א, 144 ב","החזקה נשק, נשיאת נשק, הובלת נשק",,1.0,,,,,,,,,,,,,לא,,,נשק עם מחסנית בהכנס,כן,לא,2 מחסניות,ברכב,לא,,,לא נגרם נזק,כן,2 - 4 שנים,9 חודשים - 2 שנים,12 חודשים,,,
22,25/02/2024 13:33:24,ליאור,ME-16-11-13999-863,כן,"144 א, 144 ב","החזקה נשק, נשיאת נשק, הובלת נשק",,1.0,,,,,,,,,,,,,לא,,,נשק עם מחסנית בהכנס,כן,לא,2 מחסניות,ברכב,לא,,,לא נגרם נזק,כן,2 - 4 שנים,9 חודשים - 2 שנים,12 חודשים,,,
23,19/02/2024 11:51:01,איתי,SH-20-03-14044-704,כן,144 א,החזקה נשק,,,,1.0,,,,,,,,,,,כן,,,נשק מופרד מתחמושת,כן,לא,מחסנית ובה 11 כדורים,"מוסלק - מוסתר, סמוך לבית",לא,,,לא נגרם נזק,לא,24 - 48 חודשים,15 - 36 חודשים,20 חודשים,,,
24,29/02/2024 10:12:10,ליאור,SH-20-03-14044-704,כן,144 א,החזקה נשק,,,,1.0,,,,,,,,,,,כן,,,נשק מופרד מתחמושת,כן,לא,מחסנית ובה 11 כדורים,"מוסלק - מוסתר, סמוך לבית",לא,,,לא נגרם נזק,לא,24 - 48  חודשים,15 - 36 חודשים,20 חודשים,,,
25,29/02/2024 14:45:57,רותם,ME-12-03-15148-775,כן,144 א,החזקה נשק,"שינוי זהות של כלי רכב, עבירה לפי סעיף 413ט' לחוק העונשין, תשל""ז - 1977.",2.0,,,,,,,,,,,,משתיק קול,לא,,,נשק מופרד מתחמושת,כן,לא,מחסנית ובה 11 כדורים,ברכב,כן,,,לא נגרם נזק,לא,2 - 5 שנים,2 - 4 שנים,3 שנים,,,
26,18/02/2024 13:53:20,רותם,ME-21-01-15387-564,כן,"144 א, 144 ב","החזקה נשק, נשיאת נשק","שיבוש מהלכי משפט, לפי סעיף 244 בחוק.",,,,,,,,,,,,,,לא,,,נשק מופרד מתחמושת,כן,לא,מחסנית ובה 0 כדורים,"ברכב, על גופו, מוסלק - מוסתר",לא,,,"לא נגרם נזק, פוטנציאל נזק גדול",לא,2 - 4 שנים,12 - 30 חודשים,12 חודשים,,1.0,
27,18/02/2024 13:58:42,חן,ME-21-01-15387-564,כן,"144 א, 144 ב","החזקה נשק, נשיאת נשק","שיבוש מהלכי משפט, לפי סעיף 244 בחוק",,,,,,,,,,,,,,לא,,,נשק מופרד מתחמושת,כן,לא,מחסנית ובה 0 כדורים,"ברכב, על גופו, מוסלק - מוסתר",לא,,,"לא נגרם נזק, פוטנציאל נזק גדול",לא,2 - 4 שנים,12 - 30 חודשים,12 חודשים,,1.0,
28,25/02/2024 11:09:16,רותם,ME-09-05-16192-355,כן,144 ב,"נשיאת נשק, הובלת נשק",,,1.0,,,,,,,,,,,,כן,,,נשק מופרד מתחמושת,כן,לא,מחסנית ובה 10 כדורים,ברכב,לא,,,"לא נגרם נזק, פוטנציאל נזק גדול",כן,,,20 חודשים,אין מתחם ענישה,,
29,25/02/2024 14:48:01,חן,ME-09-05-16192-355,כן,144 ב,"נשיאת נשק, הובלת נשק",,,1.0,,,,,,,,,,,,כן,,,נשק מופרד מתחמושת,כן,לא,מחסנית ובה 10 כדורים,ברכב,לא,,,"לא נגרם נזק, פוטנציאל נזק גדול",כן,,,20 חודשים,,,
30,29/02/2024 14:25:29,רותם,ME-10-08-17917-313,כן,,החזקה נשק,,1.0,,,,,,,,,,,,,לא,,,נשק מופרד מתחמושת,כן,לא,3 כדורים,מוסלק - מוסתר,לא,הגנה עצמית,,"לא נגרם נזק, פוטנציאל נזק גדול",לא,,,6 חודשים בעבודות שירות,,,
31,18/02/2024 11:13:50,איתי,ME-20-01-17935-7,כן,"144 א, 144 ב","החזקה נשק, נשיאת נשק",הפרעה לשוטר,,,1.0,,,,,,,,,,,כן,,,תקול,כן,לא,,בבית,לא,,,לא נגרם נזק,כן,2.5 - 5 שנים,10 חודשים - 3 שנים,12 חודשים,,,
32,22/02/2024 12:12:54,ליאור,ME-20-01-17935-7,כן,"144 א, 144 ב","החזקה נשק, נשיאת נשק",הפרעה לשוטר,,,1.0,,,,,,,,,,,כן,,,תקול,כן,לא,,בבית,לא,,,לא נגרם נזק,כן,2.5 - 5 שנים,10 חודשים - 3 שנים,12 חודשים,,,
33,18/02/2024 14:23:55,איתי,ME-16-02-18397-87,כן,144 ב,"נשיאת נשק, הובלת נשק","נהיגה ללא רישיון, נהיגה ללא ביטוח וללא רישיון רכב",1.0,,,,,,,,,,,,,כן,,,תקול,כן,לא,כדורים ,"ברכב, מוסלק - מוסתר",לא,,,לא נגרם נזק,כן,15 - 45 חודשים,12 - 36 חודשים,18 חודשים,,,
34,25/02/2024 13:58:35,ליאור,ME-16-02-18397-87,כן,144 ב,"נשיאת נשק, הובלת נשק","נהיגה ללא רישיון, נהיגה ללא ביטוח וללא רישיון רכב",1.0,,,,,,,,,,,,,כן,,,תקול,כן,לא,כדורים ,"ברכב, מוסלק - מוסתר",לא,,,לא נגרם נזק,כן,15 - 45 חודשים,12 - 36 חודשים,18 חודשים,,,
35,19/02/2024 11:14:51,איתי,ME-21-10-18557-340,כן,"144 א, 144 ב","החזקה נשק, נשיאת נשק, הובלת נשק",ירי מנשק חם,,,1.0,,,,,,,,,,,לא,,,נשק עם כדור בקנה,לא,לא,מחסנית + 2 כדורים,"ברכב, על גופו",לא,סכסוך,,"לא נגרם נזק, פוטנציאל נזק גדול",לא,4 - 6 שנים,27 - 52 חודשים,28 חודשים,,,
36,25/02/2024 16:24:43,ליאור,ME-21-10-18557-340,כן,"144 א, 144 ב","החזקה נשק, נשיאת נשק, הובלת נשק",ירי מנשק חם,,,1.0,,,,,,,,,,,לא,,,נשק עם כדור בקנה,לא,לא,מחסנית + 2 כדורים,"ברכב, על גופו",לא,סכסוך,,"לא נגרם נזק, פוטנציאל נזק גדול",לא,4 - 6 שנים,27 - 52 חודשים,28 חודשים,,,
37,25/02/2024 11:48:35,איתי,ME-16-01-189-123,כן,"144 א, 144 ב","נשיאת נשק, הובלת נשק, רכישת נשק",קשירת קשר לסחר בסם מסוכן,,,1.0,,,,,,,,,,,כן,רכש,,נשק מופרד מתחמושת,כן,לא,מחסנית ריקה ובה 0 כדורים + 50 כדורים,"ברכב, מוסלק - מוסתר",לא,ציד,,"לא נגרם נזק, פוטנציאל נזק קטן",לא,30 - 54 חודשים,12 - 36 חודשים,26 חודשים,"הנשק שרכש הנאשם הינו נשק מאולתר מסוג תת מקלע. בשים לב למחסנית ולתחמושת שנרכשו עימו,",,
38,07/03/2024 13:42:34,ליאור,ME-16-01-189-123,כן,"144 א, 144 ב","נשיאת נשק, הובלת נשק, רכישת נשק",קשירת קשר לסחר בסם מסוכן,,,1.0,,,,,,,,,,,כן,רכש,,נשק מופרד מתחמושת,כן,לא,מחסנית ריקה ובה 0 כדורים + 50 כדורים,"ברכב, מוסלק - מוסתר",לא,ציד,,"לא נגרם נזק, פוטנציאל נזק קטן",לא,30 - 54 חודשים,12 - 36 חודשים,26 חודשים,,,
39,25/02/2024 14:27:32,רותם,SH-17-04-19242-11,כן,144 א,החזקה נשק,,,,,,,,,,,,,,,כן,מאחר,,תקין,לא,לא,2 מחסניות,"בבית, מוסלק - מוסתר",לא,,,"לא נגרם נזק, פוטנציאל נזק גדול",לא,30 - 48 חודשים,20 - 40 חודשים,20 חודשים,,1.0,
40,29/02/2024 09:57:46,חן,SH-17-04-19242-11,כן,144 א,החזקה נשק,,,,,,,,,,,,,,,כן,מאחר,,תקין,לא,לא,2 מחסניות,"בבית, מוסלק - מוסתר",לא,,,"לא נגרם נזק, פוטנציאל נזק גדול",לא,30 - 48 חודשים,20 - 40 חודשים,20 חודשים,,1.0,
41,18/02/2024 12:49:57,איתי,ME-16-05-19384-544,כן,"144 א, 144 ב","נשיאת נשק, סחר בנשק","ניסיון לחבלה חמורה,רכישת נשק ",,3.0,,,,,,,,,,,,לא,רכש,"מכר ב 4,000 שקל, מכר ב 4,000 שקל, קנה ב 3,000 שקל, מכר ב 3,000 שקל",נשק עם כדור בקנה,כן,לא,10 כדורים,"מוסלק - מוסתר, סמוך לבית",כן,בצע כסף,ירי,"לא נגרם נזק, פוטנציאל נזק גדול",לא,4 - 8 שנים,40 - 60 חודשים,46 חודשים,,1.0,
42,19/02/2024 13:02:45,ליאור,ME-16-05-19384-544,כן,"144 א, 144 ב","נשיאת נשק, סחר בנשק","ניסיון לחבלה חמורה,רכישת נשק ",,3.0,,,,,,,,,,,,לא,רכש,"מכר ב 4,000 שקל, מכר ב 4,000 שקל, קנה ב 3,000 שקל, מכר ב 3,000 שקל",נשק עם כדור בקנה,כן,לא,10 כדורים,"מוסלק - מוסתר, סמוך לבית",כן,בצע כסף,ירי,"לא נגרם נזק, פוטנציאל נזק גדול",לא,4 - 8 שנים,40- 60 חודשים,46 חודשים,,1.0,
43,22/02/2024 10:28:41,רותם,SH-16-11-19417-55,לא,144 א,החזקה נשק,,1.0,,,,,,,,,,,,,לא,,,נשק מופרד מתחמושת,כן,לא,מחסנית ובה כדורים,ברכב,לא,,,"לא נגרם נזק, פוטנציאל נזק גדול",לא,18 - 36 חודשים,15 - 30 חודשים,15 חודשים,,,
44,22/02/2024 11:31:02,חן,SH-16-11-19417-55,לא,144 א,החזקה נשק,,1.0,,,,,,,,,,,,,לא,,,נשק מופרד מתחמושת,כן,לא,מחסנית ובה כדורים,ברכב,לא,,,"לא נגרם נזק, פוטנציאל נזק גדול",לא,18 - 36 חודשים,15 - 30 חודשים,15 חודשים,,,
45,18/02/2024 11:30:30,חן,ME-18-04-19642-504,כן,"144 א, 144 ב","נשיאת נשק, הובלת נשק","במעשי פזיזות ורשלנות, לפי ס' 338(א)(5) לחוק.",1.0,,,,,,,,,,,,,כן,,,נשק עם כדור בקנה,כן,לא,"2 מחסניות, 40 כדורים","ברכב, על גופו",לא,אלימות כלפי נשים,ירי,"לא נגרם נזק, פוטנציאל נזק גדול",לא,3 - 5 שנים,20 חודשים - 4 שנים,24 חודשים,,,
46,18/02/2024 11:36:14,רותם,ME-18-04-19642-504,כן,"144 א, 144 ב","נשיאת נשק, הובלת נשק","במעשי פזיזות ורשלנות, לפי ס' 338(א)(5) לחוק.",1.0,,,,,,,,,,,,,כן,,,נשק עם כדור בקנה,כן,לא,"2 מחסניות, 40 כדורים","ברכב, על גופו",לא,אלימות כלפי נשים,ירי,"לא נגרם נזק, פוטנציאל נזק גדול",לא,3 - 5 שנים,20 חודשים - 4 שנים,24 חודשים,,,
47,18/02/2024 14:32:51,איתי,SH-23-03-19819-247,כן,144 א,החזקה נשק,,,,,,,,,,,,,,,לא,,,נשק מופרד מתחמושת,כן,לא,3 מחסניות,"בבית, מוסלק - מוסתר",כן,,,פוטנציאל נזק גדול,לא,28 - 56 חודשים,24 - 40 חודשים,29 חודשים,לבדוק,1.0,
48,25/02/2024 14:14:29,ליאור,SH-23-03-19819-247,כן,144 א,החזקה נשק,,,,,,,,,,,,,,,לא,,,נשק מופרד מתחמושת,כן,לא,3 מחסניות,"בבית, מוסלק - מוסתר",כן,,,פוטנציאל נזק גדול,לא,28 - 56 חודשים,24 - 40 חודשים,29 חודשים,,1.0,
49,25/02/2024 10:29:05,רותם,m08000207-175,כן,144 ב,נשיאת נשק,"והחזקת סם לצריכה עצמית בלבד, עבירה לפי סעיף 7(א) + (ג) סיפא לפקודת הסמים המסוכנים, התשל""ג-1973",1.0,,,,,,,,,,,,,לא,מצא,,נשק עם מחסנית בהכנס,כן,לא,"מחסנית ובה 15 כדורים, מחסנית וסה 10 כדורים",ברכב,לא,,,לא נגרם נזק,לא,16 חודשים,,6 חודשים בעבודות שירות,,,
50,25/02/2024 14:13:36,חן,m08000207-175,כן,144 ב,נשיאת נשק,"והחזקת סם לצריכה עצמית בלבד, עבירה לפי סעיף 7(א) + (ג) סיפא לפקודת הסמים המסוכנים, התשל""ג-1973",1.0,,,,,,,,,,,,,לא,מצא,,נשק עם מחסנית בהכנס,כן,לא,"מחסנית ובה 15 כדורים, מחסנית וסה 10 כדורים",ברכב,לא,,,לא נגרם נזק,לא,16 חודשים,,6 חודשים בעבודות שירות,,,
51,18/02/2024 16:52:32,חן,ME-16-08-229-604,כן,"144 א, 144 ב","החזקה נשק, נשיאת נשק, ייצור נשק","בעבירה של חבלה בכוונה מחמירה, לפי סעיף 329(א)(2) בצירוף סעיף 29 לחוק העונשין תשל""ז – 1977 (להלן: ""החוק""); בעבירה של גניבת רכב, לפי סעיף 413ב(א) לחוק; בעבירה של ניסיון הצתה, לפי סעיף 448(א) רישא בצירוף סעיף 25 לחוק; ובעבירה של ירי בשטח בנוי, לפי סעיף 340 א לחוק.",1.0,,,,,,,,,,,,בקבוק תבערה,לא,מאחר,,נשק עם כדור בקנה,כן,לא,,"בבית, ברכב",כן,"פיגוע, חגיגה",ירי,"לא נגרם נזק, פוטנציאל נזק גדול",לא,8 - 12 שנים; 4 - 7 שנים; 18 - 36 חודשים,7 - 10 שנים; 36 - 60 חודשים; 18 - 36 חודשים,9 שנים,סכום כל העונשים המינימלים במתחמי ענישה לא מסתכם לעונש,1.0,
52,18/02/2024 17:14:57,רותם,ME-16-08-229-604,כן,"144 א, 144 ב","החזקה נשק, נשיאת נשק","בעבירה של חבלה בכוונה מחמירה, לפי סעיף 329(א)(2) בצירוף סעיף 29 לחוק העונשין תשל""ז – 1977 (להלן: ""החוק""); בעבירה של גניבת רכב, לפי סעיף 413ב(א) לחוק; בעבירה של ניסיון הצתה, לפי סעיף 448(א) רישא בצירוף סעיף 25 לחוק; ובעבירה של ירי בשטח בנוי, לפי סעיף 340 א לחוק.",1.0,,,,,,,,,,,,בקבוק תבערה,לא,מאחר,,נשק עם כדור בקנה,כן,לא,,"בבית, ברכב",כן,"פיגוע, חגיגה",ירי,"לא נגרם נזק, פוטנציאל נזק גדול",לא,8 - 12 שנים; 4 - 7 שנים; 18 - 36 חודשים,7 - 10 שנים; 36 - 60 חודשים; 18 - 36 חודשים,9 שנים,,1.0,
53,22/02/2024 14:11:06,איתי,SH-19-03-23707-142,כן,144 א,החזקה נשק,,1.0,,,,,,,,,,,,,לא,,,נשק עם מחסנית בהכנס,לא,לא,מחסנית + 4 מחסניות ריקות ובהן 0 כדורים + 500 כדורים,"בבית, מוסלק - מוסתר",לא,,,"לא נגרם נזק, פוטנציאל נזק גדול",לא,30 - 50 חודשים,24 - 48 חודשים,15 חודשים,,1.0,
54,29/02/2024 16:17:43,ליאור,SH-19-03-23707-142,כן,144 א,החזקה נשק,,1.0,,,,,,,,,,,,,לא,,,נשק עם מחסנית בהכנס,לא,לא,מחסנית + 4 מחסניות ריקות ובהן 0 כדורים + 500 כדורים,"בבית, מוסלק - מוסתר",לא,,,"לא נגרם נזק, פוטנציאל נזק גדול",לא,30 - 50 חודשים,24 - 48 חודשים,15 חודשים,,1.0,
55,18/02/2024 14:11:51,איתי,SH-11-05-24791-315,כן,144 א,החזקה נשק,,1.0,,,,,,,,,,,,,לא,מאחר,,נשק מופרד מתחמושת,לא,לא,2 מחסניות,בבית,לא,,,לא נגרם נזק,לא,6 - 24 חודשים,,,מתחם שופט?,,
56,25/02/2024 11:49:20,ליאור,SH-11-05-24791-315,כן,144 א,החזקה נשק,,1.0,,,,,,,,,,,,,לא,מאחר,,נשק מופרד מתחמושת,לא,לא,2 מחסניות,בבית,לא,,,לא נגרם נזק,לא,6 - 24 חודשים,,,,,
57,18/02/2024 11:52:16,איתי,SH-10-02-25802-731,כן,144 א,החזקה נשק,החזקת חלק-אבזר תחמושת של כלי נשק,,,,,,,,,,1.0,,,,לא,,,תקול,כן,לא,,בבית,לא,,,לא נגרם נזק,לא,,,3 חודשים בעבודות שירות,,,
58,19/02/2024 09:59:41,ליאור,SH-10-02-25802-731,כן,144 א,החזקה נשק,החזקת חלק-אבזר תחמושת של כלי נשק,,,,,,,,,,1.0,,,,לא,,,תקול,כן,לא,,בבית,לא,,,לא נגרם נזק,לא,,,3 חודשים בעבודות שירות,,,
59,18/02/2024 13:22:12,איתי,ME-16-05-25902-514,כן,"144 א, 144 ב","החזקה נשק, נשיאת נשק",,1.0,,,,,,,,,,,,,לא,רכש,,נשק עם מחסנית בהכנס,כן,לא,מחסנית ובה 7 כדורים,"בבית, על גופו",לא,הגנה עצמית,,לא נגרם נזק,לא,24 - 48 חודשים,15 - 36 חודשים,12 חודשים,הסביר הנאשם כי החזיק בנשק ונשא אותו על רקע חשש לשלומו בעקבות איומים שקיבל מצד בעלה של אשה על רקע ניהול קשר עמה מחוץ לנישואין. בעקבות סכסוך,,
60,22/02/2024 14:45:21,ליאור,ME-16-05-25902-514,כן,"144 א, 144 ב","החזקה נשק, נשיאת נשק",,1.0,,,,,,,,,,,,,לא,רכש,,נשק עם מחסנית בהכנס,כן,לא,מחסנית ובה 7 כדורים,"בבית, על גופו",לא,הגנה עצמית,,לא נגרם נזק,לא,24 - 48 חודשים,15 - 36 חודשים,12 חודשים,,,
61,29/02/2024 15:02:16,רותם,ME-13-10-28139-807,כן,144 א,ביצוע עבירות בנשק,ניסיון לחבלה חמורה בנסיבות מחמירות לפי סעיפים 333+335(א)(1) ו-25 לפי החוק.,1.0,,,,,,,,,,,,,לא,,,נשק עם כדור בקנה,כן,לא,,על גופו,כן,סכסוך,ירי,"לא נגרם נזק, פוטנציאל נזק גדול",לא,5 - 7 שנים,3 - 6 שנים,4 שנים,,,
62,18/02/2024 13:12:27,איתי,ME-13-02-28360-614,כן,144 ב,נשיאת נשק,"הפרעה לשוטר במילוי תפקידו,נהיגה ללא רישיון,נהיגה ללא ביטוח',נהיגה תחת השפעת משקאות משכרים",1.0,,,,,,,,,,,,,לא,,,נשק עם כדור בקנה,כן,לא,,ברכב,לא,,ירי,לא נגרם נזק,כן,18 - 36 חודשים,6 חודשים - 2 שנים,6 חודשים בעבודות שירות,"כפי שכבר פורט, הנאשם לא נשא פיזית את הנשק וגם לא עשה בו שימוש.",,
63,22/02/2024 13:59:17,ליאור,ME-13-02-28360-614,כן,144 ב,נשיאת נשק,"הפרעה לשוטר במילוי תפקידו,נהיגה ללא רישיון,נהיגה ללא ביטוח',נהיגה תחת השפעת משקאות משכרים",1.0,,,,,,,,,,,,,לא,,,נשק עם כדור בקנה,כן,לא,,ברכב,לא,,ירי,לא נגרם נזק,כן,18 - 36 חודשים,6 חודשים - 2 שנים,6 חודשים בעבודות שירות,,,
64,22/02/2024 16:05:39,רותם,ME-17-08-28615-573,כן,"144 א, 144 ב","החזקה נשק, נשיאת נשק","הפרעה לשוטר במילוי תפקידו, לפי סעיף 275 לחוק העונשין",,,1.0,,,,1.0,,,,,,,כן,,,נשק מופרד מתחמושת,כן,לא,"מחסנית ובה 9 כדורים, 50 כדורים",על גופו,כן,,,"לא נגרם נזק, פוטנציאל נזק גדול",כן,3 - 5.5 שנים,16 - 40 חודשים,22 חודשים,,,
65,25/02/2024 13:34:41,חן,ME-17-08-28615-573,כן,"144 א, 144 ב","החזקה נשק, נשיאת נשק","הפרעה לשוטר במילוי תפקידו, לפי סעיף 275 לחוק העונשין",,,1.0,,,,1.0,,,,,,,כן,,,נשק מופרד מתחמושת,כן,לא,"מחסנית ובה 9 כדורים, 50 כדורים",על גופו,כן,,,"לא נגרם נזק, פוטנציאל נזק גדול",כן,3 - 5.5 שנים,16 - 40 חודשים,22 חודשים,,,
66,18/02/2024 17:47:25,רותם,SH-14-02-28659-762,כן,144 א,החזקה נשק,,,1.0,,,,,,,,,,,,כן,,,נשק מופרד מתחמושת,לא,לא,מחסנית וכדורים,בבית,לא,הגנה עצמית,,"לא נגרם נזק, פוטנציאל נזק גדול",לא,12 - 30 חודשים,8 - 24 חודשים,10 חודשים,,,
67,22/02/2024 10:10:02,חן,SH-14-02-28659-762,כן,144 א,החזקה נשק,,,1.0,,,,,,,,,,,,כן,,,נשק מופרד מתחמושת,לא,לא,מחסנית וכדורים,בבית,לא,הגנה עצמית,,"לא נגרם נזק, פוטנציאל נזק גדול",לא,12 - 30 חודשים,8 - 24 חודשים,10 חודשים,,,
68,29/02/2024 09:15:47,רותם,ME-20-07-29529-567,כן,144 ב,"נשיאת נשק, הובלת נשק",,1.0,,,,,,,,,,,,,לא,,,נשק מופרד מתחמושת,כן,לא,2 מחסניות,ברכב,כן,,,"לא נגרם נזק, פוטנציאל נזק גדול",לא,1.5 - 4 שנים,18 - 40 חודשים,9 חודשים,,,
69,29/02/2024 10:40:17,חן,ME-20-07-29529-567,כן,144 ב,"נשיאת נשק, הובלת נשק",,1.0,,,,,,,,,,,,,לא,,,נשק מופרד מתחמושת,כן,לא,2 מחסניות,ברכב,כן,,,"לא נגרם נזק, פוטנציאל נזק גדול",לא,1.5 - 4 שנים,18 - 40 חודשים,9 חודשים,,,
70,18/02/2024 12:01:25,חן,ME-15-03-29911-554,כן,"144 א, 144 ב",ביצוע עבירות בנשק,,1.0,,,,,,,,,,,,,כן,,,נשק עם כדור בקנה,כן,לא,"מחסנית ובה 12 כדורים, מחסנית, 20 כדורים, 24 כדורים","ברכב, על גופו",לא,,ירי,"לא נגרם נזק, פוטנציאל נזק גדול",לא,30 - 54 חודשים,18 - 48 חודשים,28 חודשים,,,
71,18/02/2024 12:25:01,רותם,ME-15-03-29911-554,כן,"144 א, 144 ב",ביצוע עבירות בנשק,,1.0,,,,,,,,,,,,,כן,,,נשק עם כדור בקנה,כן,לא,"מחסנית ובה 12 כדורים, מחסנית, 20 כדורים, 24 כדורים","ברכב, על גופו",לא,,ירי,"לא נגרם נזק, פוטנציאל נזק גדול",לא,30 - 54 חודשים,18 - 48 חודשים,28 חודשים,,,
72,18/02/2024 12:46:41,חן,ME-16-08-29984-51,לא,"144 א, 144 ב","החזקה נשק, הובלת נשק, סחר בנשק","קשירת קשר לפשע – עבירה לפי סעיף 499(א)(1) לחוק העונשין התשל""ז – 1977 (""החוק""), והסתייעות ברכב לביצוע פשע לפי סעיף 43 לפקודת התעבורה (נוסח חדש), התשכ""א – 1961.",,,,,,,,,1.0,,,,"77 רימוני רסס, 13 טילי לאו",כן,גנב,,תקין,לא,לא,,ברכב,כן,בצע כסף,,"נגרם נזק רב, פוטנציאל נזק גדול",לא,12 - 18 שנים,10 - 15 שנים,15 שנים,,,
73,18/02/2024 13:13:33,רותם,ME-16-08-29984-51,לא,"144 א, 144 ב","החזקה נשק, הובלת נשק, סחר בנשק","קשירת קשר לפשע לפי סעיף 499(א)(1), הסתייעות ברכב לביצוע פשע לפי סעיף 43 לפקודת התעבורה",,,,,,,,,1.0,,,,"77 רימוני רסס, 13 טילי לאו",כן,גנב,,תקין,לא,לא,,ברכב,כן,בצע כסף,,"נגרם נזק רב, פוטנציאל נזק גדול",לא,12 - 18 שנים,10 - 15 שנים,15 שנים,,,
74,22/02/2024 15:58:27,איתי,ME-16-07-30015-11,כן,"144 א, 144 ב","החזקה נשק, הובלת נשק","עסקה אחרת בתחמושת, תמיכה בארגון טרוריסטי",1.0,,,,,,,,,,,,,לא,מאחר,,נשק מופרד מתחמושת,לא,לא,3 מחסניות,"בבית, מוסלק - מוסתר",לא,חברות בארגון טרור,,"לא נגרם נזק, פוטנציאל נזק גדול",לא,2 - 4.5 שנים,24 - 42 חודשים,32 חודשים,,,
75,07/03/2024 09:01:36,ליאור,ME-16-07-30015-11,כן,"144 א, 144 ב","החזקה נשק, הובלת נשק","עסקה אחרת בתחמושת ,תמיכה בארגון טרוריסטי",1.0,,,,,,,,,,,,,לא,מאחר,,נשק מופרד מתחמושת,לא,לא,3 מחסניות,"בבית, מוסלק - מוסתר",לא,חברות בארגון טרור,,"לא נגרם נזק, פוטנציאל נזק גדול",לא,2 - 4.5 שנים,24 - 42 חודשים,32 חודשים,,,
76,18/02/2024 11:49:01,חן,SH-16-04-30406-325,כן,144 א,החזקה נשק,,,,2.0,,,,,,,,,,,לא,רכש,,נשק מופרד מתחמושת,כן,לא,"מחסנית ובה 0 כדורים, 2 מחסניות",ברכב,לא,,,"לא נגרם נזק, פוטנציאל נזק גדול",לא,3 - 5 שנים,2 - 4 שנים,2 שנים,,,
77,18/02/2024 12:03:29,רותם,SH-16-04-30406-325,כן,144 א,החזקה נשק,,,,2.0,,,,,,,,,,,לא,רכש,,נשק מופרד מתחמושת,כן,לא,"מחסנית ובה 0 כדורים, 2 מחסניות",ברכב,לא,,,"לא נגרם נזק, פוטנציאל נזק גדול",לא,3 - 5 שנים,2 - 4 שנים,2 שנים,,,
78,22/02/2024 16:21:26,איתי,ME-18-10-30972-637,כן,144 ב,ניסיון לסחר,,,,,,,,,,,,,,,כן,רכש,"8,000 שקל",תקין,כן,לא,,ברכב,כן,,,לא נגרם נזק,לא,24 - 40 חודשים,8 - 30 חודשים,8 חודשים,,1.0,
79,07/03/2024 10:16:14,ליאור,ME-18-10-30972-637,כן,144 ב,ניסיון לסחר,,,,,,,,,,,,,,,כן,רכש,"8,000 שקל",תקין,כן,לא,,ברכב,כן,,,לא נגרם נזק,לא,24 - 40 חודשים,8 - 30 חודשים,8 חודשים,,1.0,
80,29/02/2024 08:08:10,רותם,ME-14-10-31218-522,כן,144 א,החזקה נשק,,,,,,,,1.0,,,,,,,כן,,,תקין,כן,לא,,על גופו,לא,,זריקת רימון,"לא נגרם נזק, פוטנציאל נזק קטן",לא,10 - 20 חודשים,8 - 20 חודשים,9 חודשים,,,
81,29/02/2024 10:19:18,חן,ME-14-10-31218-522,כן,144 א,החזקה נשק,,,,,,,,1.0,,,,,,,כן,,,תקין,כן,לא,,על גופו,לא,,זריקת רימון,"לא נגרם נזק, פוטנציאל נזק קטן",לא,10 - 20 חודשים,8 - 20 חודשים,9 חודשים,,,
82,18/02/2024 16:06:30,רותם,ME-16-01-31498-921,כן,144 ב,"נשיאת נשק, הובלת נשק","עבירות של גניבה, לפי סעיף 384 לחוק העונשין תשל""ז-1977 להלן: ""חוק העונשין"")",,,,,,4.0,3.0,,,,,,,כן,גנב,,תקין,כן,לא,,באוטובוס,כן,בצע כסף,,"לא נגרם נזק, פוטנציאל נזק קטן",לא,1.5 - 3 שנים,12 - 36 חודשים,18 חודשים,,,
83,18/02/2024 16:17:57,חן,ME-16-01-31498-921,כן,144 ב,"נשיאת נשק, הובלת נשק","עבירות של גניבה, לפי סעיף 384 לחוק העונשין תשל""ז-1977 להלן: ""חוק העונשין"")",,,,,,4.0,3.0,,,,,,,כן,גנב,,תקין,כן,לא,,באוטובוס,כן,בצע כסף,,"לא נגרם נזק, פוטנציאל נזק קטן",לא,1.5 - 3 שנים,12 - 36 חודשים,18 חודשים,,,
84,29/02/2024 14:13:26,רותם,ME-18-05-32659-754,כן,144 ב,"נשיאת נשק, הובלת נשק",הפרעה לשוטר במילוי תפקידו לפי סעיף 275 לחוק,,,1.0,,,,2.0,,,,,,,לא,,,נשק מופרד מתחמושת,כן,לא,"מחסנית ובה 0 כדורים, 9 כדורים, 10 כדורים",ברכב,לא,,,"לא נגרם נזק, פוטנציאל נזק גדול",לא,3.5 - 5.5 שנים,16 - 48 חודשים,18 חודישם,,,
85,18/02/2024 13:35:30,איתי,ME-12-05-33444-999,כן,144 א,החזקה נשק,,1.0,,,,,,,,,,,,,לא,,,נשק עם מחסנית בהכנס,כן,לא,3 מחסניות,"ברכב, מוסלק - מוסתר",לא,הגנה עצמית,,לא נגרם נזק,לא,,,"500 שעות של""צ","אין מתחם שופט? עונש מוזר - עבודות במסגרת של""צ בהיקף של 500 שעות",,
86,22/02/2024 15:27:59,ליאור,ME-12-05-33444-999,כן,144 א,החזקה נשק,,1.0,,,,,,,,,,,,,לא,,,נשק עם מחסנית בהכנס,כן,לא,3 מחסניות,"ברכב, מוסלק - מוסתר",לא,הגנה עצמית,,לא נגרם נזק,לא,,,"500 שעות של""צ",,,
87,22/02/2024 16:14:08,רותם,SH-16-09-33552-535,כן,144 א,החזקה נשק,,1.0,,,,,,,,,,,,,לא,,,נשק מופרד מתחמושת,כן,לא,"מחסנית, מחסנית ובה 0 כדורים, 4 כדורים, 60 כדורים",מוסלק - מוסתר,כן,,,"לא נגרם נזק, פוטנציאל נזק גדול",לא,30 - 60 חודשים,18 - 42 חודשים,19 חודשים,,,1.0
88,25/02/2024 13:51:02,חן,SH-16-09-33552-535,כן,144 א,החזקה נשק,,1.0,,,,,,,,,,,,,לא,,,נשק מופרד מתחמושת,כן,לא,"מחסנית, מחסנית ובה 0 כדורים, 4 כדורים, 60 כדורים",מוסלק - מוסתר,כן,,,"לא נגרם נזק, פוטנציאל נזק גדול",לא,30 - 60 חודשים,18 - 42 חודשים,19 חודשים,,,1.0
89,22/02/2024 15:15:40,רותם,ME-12-04-33577-700,לא,"144 א, 144 ב","החזקה נשק, נשיאת נשק","חבלה בכוונה מחמירה, עבירה לפי סעיף 329(א)(2) לחוק העונשין ויריות באזור מגורים, עבירה לפי סעיף 340(א) לחוק העונשין.",1.0,,,,,,,,,,,,,כן,,,נשק עם כדור בקנה,לא,לא,,על גופו,כן,סכסוך,ירי,"לא נגרם נזק, פוטנציאל נזק גדול",לא,5 - 7 שנים; 6 - 8 שנים,2 - 6 שנים,4 שנים,,,
90,25/02/2024 10:33:24,חן,ME-12-04-33577-700,לא,"144 א, 144 ב","החזקה נשק, נשיאת נשק","חבלה בכוונה מחמירה, עבירה לפי סעיף 329(א)(2) לחוק העונשין ויריות באזור מגורים, עבירה לפי סעיף 340(א) לחוק העונשין.",1.0,,,,,,,,,,,,,כן,,,נשק עם כדור בקנה,לא,לא,,על גופו,כן,סכסוך,ירי,"לא נגרם נזק, פוטנציאל נזק גדול",לא,5 - 7 שנים; 6 - 8 שנים,2 - 6 שנים,4 שנים,,,
91,18/02/2024 13:55:53,איתי,ME-16-05-336-804,כן,144 ב,"נשיאת נשק, הובלת נשק",,,,1.0,,,,,,,,,,,לא,,,נשק מופרד מתחמושת,לא,לא,מחסנית ריקה ובה 0 כדורים + מחסנית ריקה ובה 0 כדורים + 26 כדורים,"ברכב, על גופו",לא,,נקירת נשק,לא נגרם נזק,כן,2.5 - 5 שנים,18 - 36 חודשים,22 חודשים,,,
92,25/02/2024 10:21:52,ליאור,ME-16-05-336-804,כן,144 ב,"נשיאת נשק, הובלת נשק",,,,1.0,,,,,,,,,,,לא,,,נשק מופרד מתחמושת,לא,לא,מחסנית ריקה ובה 0 כדורים + מחסנית ריקה ובה 0 כדורים + 26 כדורים,"ברכב, על גופו",לא,,נקירת נשק,לא נגרם נזק,כן,2.5 - 5 שנים,18 - 36 חודשים,22 חודשים,,,
93,25/02/2024 16:29:35,איתי,ME-18-04-34027-630,כן,144 ב,סחר בנשק,,2.0,,,,,,,,,,,,,לא,רכש,"מכר ב24,000 שקל, מכר ב 69,500 שקל, מכר ב 26,000 שקל",נשק מופרד מתחמושת,,כן,מחסנית + מחסנית + כדורים,ברכב,כן,בצע כסף,,"לא נגרם נזק, פוטנציאל נזק גדול",לא,5 - 7 שנים,24 - 48 חודשים,36 חודשים,תיק קשה,1.0,
94,25/02/2024 13:54:22,רותם,ME-13-04-35007-454,כן,"144 א, 144 ב","החזקה נשק, נשיאת נשק",,1.0,,,,,,,,,,,,,לא,,,נשק עם מחסנית בהכנס,כן,לא,,על גופו,כן,סכסוך,,"לא נגרם נזק, פוטנציאל נזק גדול",לא,24 - 36 חודשים,7 - 30 חודשים,9 חודשים,,,
95,25/02/2024 16:39:31,חן,ME-13-04-35007-454,כן,"144 א, 144 ב","החזקה נשק, נשיאת נשק",,1.0,,,,,,,,,,,,,לא,,,נשק עם מחסנית בהכנס,כן,לא,,על גופו,כן,סכסוך,,"לא נגרם נזק, פוטנציאל נזק גדול",לא,24 - 36 חודשים,7 - 30 חודשים,9 חודשים,,,
96,25/02/2024 14:40:39,רותם,ME-17-05-35227-215,כן,144 ב,"נשיאת נשק, הובלת נשק",,,,1.0,,,,,,,,,,,כן,,,נשק עם מחסנית בהכנס,כן,לא,מחסנית,ברכב,כן,,,"לא נגרם נזק, פוטנציאל נזק גדול",לא,2.5 - 5 שנים,12 - 36 חודשים,15 חודשים,,,
97,29/02/2024 10:07:23,חן,ME-17-05-35227-215,כן,144 ב,"נשיאת נשק, הובלת נשק",,,,1.0,,,,,,,,,,,כן,,,נשק עם מחסנית בהכנס,כן,לא,מחסנית,ברכב,כן,,,"לא נגרם נזק, פוטנציאל נזק גדול",לא,2.5 - 5 שנים,12 - 36 חודשים,15 חודשים,,,
98,29/02/2024 14:34:46,רותם,SH-11-12-35552-181,כן,144 א,החזקה נשק,,1.0,,,,,,,,,,,,,כן,רכש,,תקין,כן,לא,,בבית,כן,,,לא נגרם נזק,לא,15 חודשים,12 - 24 חודשים,7 חודשים,,,
99,18/02/2024 16:30:55,חן,ME-18-06-36728-73,כן,144 ב,נשיאת נשק,"עבירות של פציעה, לפי סעיף 334 לחוק העונשין, התשל""ז-1977",1.0,,,,,,,,,,,,,כן,,,נשק עם כדור בקנה,לא,לא,,על גופו,לא,סכסוך,ירי,"נגרם נזק, פוטנציאל נזק גדול",לא,2.5 - 5 שנים,18 - 48 חודשים,30 חודשים,,,
100,18/02/2024 16:36:34,רותם,ME-18-06-36728-73,כן,144 ב,נשיאת נשק,"עבירות של פציעה, לפי סעיף 334 לחוק העונשין, התשל""ז-1977",1.0,,,,,,,,,,,,,כן,,,נשק עם כדור בקנה,לא,לא,,על גופו,לא,סכסוך,ירי,"נגרם נזק, פוטנציאל נזק גדול",לא,2.5 - 5 שנים,18 - 48 חודשים,30 חודשים,,,
101,07/03/2024 15:55:35,ליאור,ME-16-01-3772-806,כן,"144 א, 144 ב","החזקה נשק, נשיאת נשק, הובלת נשק",,,,1.0,,,,,,,,,,,כן,רכש,,נשק עם כדור בקנה,כן,לא,מחסנית,"מוסלק - מוסתר, סמוך לבית",לא,,ירי,"לא נגרם נזק, פוטנציאל נזק גדול",לא,"2 - 4 שנים , 2.5 - 5  שנים","10 - 24 חודשים , 18 - 48 חודשים",18 חודשים,"בהתחשב בנסיבות ביצוע העבירה, הפגיעה בערכים המוגנים ומדיניות הענישה הנהוגה, אני קובע כי מתחם הענישה הראוי במקרה זה, בהתבסס על עקרון ההלימה, ביחס לאישום הראשון, נע בין 10 ל-24 חודשי מאסר בפועל. מתחם הענישה הראוי ביחס לאישום השני נע בין 18 ל-48 חודשי מאסר בפועל",1.0,
102,18/02/2024 12:41:00,איתי,ME-15-12-39071-113,כן,144 א,החזקה נשק,,1.0,,,,,,,,,,,,,כן,,,תקין,כן,לא,,"ברכב, מוסלק - מוסתר",לא,הגנה עצמית,,"לא נגרם נזק, פוטנציאל נזק גדול",לא,7 - 18 חודשים,6 - 20 חודשים,6 חודשים בעבודות שירות,"38.  לאחר ששמעתי את דברי ב""כ הצדדים והנאשם אני נותן אמון בגרסתו כי חשש לחייו, נוכח סכסוך הדמים שהביא למות גיסו זמן קצר קודם לכן.",,
103,19/02/2024 12:30:07,ליאור,ME-15-12-39071-113,כן,144 א,החזקה נשק,,1.0,,,,,,,,,,,,,כן,,,תקין,כן,לא,,"ברכב, מוסלק - מוסתר",לא,הגנה עצמית,,"לא נגרם נזק, פוטנציאל נזק גדול",לא,7 - 18 חודשים,6 - 20 חודשים,6 חודשים בעבודות שירות,,,
104,22/02/2024 13:58:36,איתי,ME-20-07-39500-753,כן,144 ב,נשיאת נשק,,1.0,,,,,,,,,,,,,כן,,,נשק עם כדור בקנה,לא,לא,מחסנית ובה 11 כדורים,"ברכב, על גופו",לא,,,"לא נגרם נזק, פוטנציאל נזק גדול",לא,3 - 6 שנים,16 - 40 חודשים,30 חודשים,,,
105,29/02/2024 15:45:52,ליאור,ME-20-07-39500-753,כן,144 ב,נשיאת נשק,,1.0,,,,,,,,,,,,,כן,,,נשק עם כדור בקנה,לא,לא,מחסנית ובה 11 כדורים,"ברכב, על גופו",לא,,,"לא נגרם נזק, פוטנציאל נזק גדול",לא,3 - 6 שנים,16 - 40 חודשים,30 חודשים,,,
106,25/02/2024 12:40:46,רותם,ME-16-09-398-589,כן,144 ב,נשיאת נשק,"חבלה חמורה בנסיבות מחמירות, עבירה לפי סעיף 333 + 335(א)(2+1) לחוק העונשין, התשל""ז-1977 (להלן: ""החוק"");",1.0,,,,,,,,,,,,,כן,,,נשק עם כדור בקנה,כן,לא,,על גופו,כן,סכסוך,ירי,"נגרם נזק, פוטנציאל נזק גדול",לא,2 - 6 שנים,24 - 48 חודשים,36 חודשים,,,
107,25/02/2024 15:09:50,חן,ME-16-09-398-589,כן,144 ב,נשיאת נשק,"חבלה חמורה בנסיבות מחמירות, עבירה לפי סעיף 333 + 335(א)(2+1) לחוק העונשין, התשל""ז-1977 (להלן: ""החוק"");",1.0,,,,,,,,,,,,,כן,,,נשק עם כדור בקנה,כן,לא,,על גופו,כן,סכסוך,ירי,"נגרם נזק, פוטנציאל נזק גדול",לא,2 - 6 שנים,24 - 48 חודשים,36 חודשים,,,
108,22/02/2024 13:38:01,איתי,ME-15-09-40313-52,כן,"144 א, 144 ב","החזקה נשק, נשיאת נשק",,,,2.0,,,,,,,,,,,כן,,,נשק עם מחסנית בהכנס,כן,לא,2 מחסניות + 39 כדורים + 8 כדורים,"ברכב, מוסלק - מוסתר",לא,תדמית,,"לא נגרם נזק, פוטנציאל נזק גדול",כן,3 - 6 שנים,16 - 40 חודשים,18 חודשים,,,
109,29/02/2024 12:47:40,ליאור,ME-15-09-40313-52,כן,"144 א, 144 ב","החזקה נשק, נשיאת נשק",,,,2.0,,,,,,,,,,,כן,,,נשק עם מחסנית בהכנס,כן,לא,2 מחסניות + 39 כדורים + 8 כדורים,"ברכב, מוסלק - מוסתר",לא,תדמית,,"לא נגרם נזק, פוטנציאל נזק גדול",כן,3 - 6 שנים,16 - 40 חודשים,18 חודשים,,,
110,18/02/2024 12:00:54,איתי,ME-16-03-41585-22,כן,144 ב,"נשיאת נשק, הובלת נשק","חבלה בכוונה מחמירה ,יריות בנשק חם באזור מגורים ,הסתייעות ברכב לביצוע פשע,נהיגה בלא רישיון נהיגה ,נהיגה בלא רישיון רכב,שימוש ברכב בלא פוליסת ביטוח בת תוקף",,,,,,,,,,,,,,כן,,,נשק עם כדור בקנה,כן,לא,,"ברכב, על גופו",כן,סכסוך,ירי,"נגרם נזק, פוטנציאל נזק גדול",לא,6 - 9 שנים,4 - 7 שנים,5 שנים,,1.0,
111,19/02/2024 10:47:55,ליאור,ME-16-03-41585-22,כן,144 ב,"נשיאת נשק, הובלת נשק","חבלה בכוונה מחמירה ,יריות בנשק חם באזור מגורים ,הסתייעות ברכב לביצוע פשע,נהיגה בלא רישיון נהיגה ,נהיגה בלא רישיון רכב,שימוש ברכב בלא פוליסת ביטוח בת תוקף",,,,,,,,,,,,,,כן,,,נשק עם כדור בקנה,כן,לא,,"ברכב, על גופו",כן,סכסוך,ירי,"נגרם נזק, פוטנציאל נזק גדול",לא,6 - 9 שנים,4 - 7 שנים,5 שנים,,1.0,
112,18/02/2024 13:27:10,איתי,SH-11-01-41775-497,כן,,"החזקה נשק, נשיאת נשק",,1.0,,,,,,,,,,,,,כן,,,נשק מופרד מתחמושת,לא,לא,מחסנית ריקה ובה 0 כדורים + 34 כדורים,"בבית, ברכב",לא,הגנה עצמית,,"לא נגרם נזק, פוטנציאל נזק גדול",לא,6 - 18 חודשים,5 - 18 חודשים,5 חודשים בעבודות שירות,,,
113,22/02/2024 15:04:31,ליאור,SH-11-01-41775-497,כן,,"החזקה נשק, נשיאת נשק",,1.0,,,,,,,,,,,,,כן,,,נשק מופרד מתחמושת,לא,לא,מחסנית ריקה ובה 0 כדורים + 34 כדורים,"בבית, ברכב",לא,הגנה עצמית,,"לא נגרם נזק, פוטנציאל נזק גדול",לא,6 - 18 חודשים,5 - 18 חודשים,5 חודשים בעבודות שירות,,,
114,22/02/2024 15:33:44,רותם,ME-16-06-42987-901,כן,144 ב,נשיאת נשק,"איומים לפי סעיף 192 לחוק; חבלה מחמירה לפי סעיף 329(א)(2) לחוק וניסיון תקיפה בנסיבות מחמירות לפי סעיפים 382(א) + 25 לחוק העונשין. חמש עבירות של סחר בסמים לפי סעיפים 13+19א' לפקודת הסמים המסוכנים [נוסח חדש] תשל""ג-1973 ובעבירה אחת של החזקת סם שלא לשימוש עצמי לפי סעיפים 7(א) + 7(ג) רישא לפקודה זו.עבירה של גניבה לפי סעיף 384 לחוק העונשין.",,,,,,,4.0,,,,,,כלי נשק מאולתר,כן,מאחר,,נשק עם כדור בקנה,לא,לא,כדור,,כן,סכסוך,"ניסיון לירי ללא הצלחה, זריקת רימון","לא נגרם נזק, פוטנציאל נזק גדול",לא,3 - 6 שנים,2 - 4 שנים,3 שנים,,,
115,25/02/2024 11:13:37,חן,ME-16-06-42987-901,כן,144 ב,נשיאת נשק,"איומים לפי סעיף 192 לחוק; חבלה מחמירה לפי סעיף 329(א)(2) לחוק וניסיון תקיפה בנסיבות מחמירות לפי סעיפים 382(א) + 25 לחוק העונשין. חמש עבירות של סחר בסמים לפי סעיפים 13+19א' לפקודת הסמים המסוכנים [נוסח חדש] תשל""ג-1973 ובעבירה אחת של החזקת סם שלא לשימוש עצמי לפי סעיפים 7(א) + 7(ג) רישא לפקודה זו.עבירה של גניבה לפי סעיף 384 לחוק העונשין.",,,,,,,4.0,,,,,,כלי נשק מאולתר,כן,מאחר,,נשק עם כדור בקנה,לא,לא,כדור,,כן,סכסוך,"ניסיון לירי ללא הצלחה, זריקת רימון","לא נגרם נזק, פוטנציאל נזק גדול",לא,3 - 6 שנים,2 - 4 שנים,3 שנים,,,
116,18/02/2024 12:27:44,חן,SH-16-05-42991-439,כן,144 א,החזקה נשק,"שיבוש הליכי משפט, לפי סעיף 244 לחוק",1.0,,,,,,,,,,,,,לא,,,נשק עם מחסנית בהכנס,כן,לא,מחסנית ובה 13 כדורים,"בבית, על גופו",כן,סכסוך,,"לא נגרם נזק, פוטנציאל נזק גדול",לא,1.5 - 3.5 שנים,10 - 24 חודשים,10 חודשים,,,
117,18/02/2024 12:42:19,רותם,SH-16-05-42991-439,כן,144 א,החזקה נשק,"שיבוש הליכי משפט, לפי סעיף 244 לחוק",1.0,,,,,,,,,,,,,לא,,,נשק עם מחסנית בהכנס,כן,לא,מחסנית ובה 13 כדורים,"בבית, על גופו",כן,סכסוך,,"לא נגרם נזק, פוטנציאל נזק גדול",לא,1.5 - 3.5 שנים,10 - 24 חודשים,10 חודשים,,,
118,29/02/2024 08:23:51,רותם,ME-21-06-43085-219,כן,"144 א, 144 ב","החזקה נשק, נשיאת נשק","ירי מנשק חם, לפי סעיף 340א' (ב)(1) בחוק העונשין; היזק בזדון, לפי סעיף 452 בחוק העונשין; חבלה במזיד, לפי סעיף 413ה' בחוק העונשין; נהיגה ללא רישיון נהיגה, לפי סעיף 10(א) בפקודת התעבורה, התשכ""א – 1961; ונהיגה ללא פוליסת ביטוח בתוקף, לפי סעיף 2(א) ו – (ב) בפקודת ביטוח רכב מנועי [נוסח משולב] תש""ל – 1970.",1.0,,,,,,,,,,,,,לא,,,נשק עם כדור בקנה,כן,לא,,ברכב,כן,סכסוך,ירי,"נגרם נזק מועט, פוטנציאל נזק גדול",לא,5 - 8 שנים,4 - 7 שנים,5 שנים,,,
119,29/02/2024 10:29:29,חן,ME-21-06-43085-219,כן,"144 א, 144 ב","החזקה נשק, נשיאת נשק","ירי מנשק חם, לפי סעיף 340א' (ב)(1) בחוק העונשין; היזק בזדון, לפי סעיף 452 בחוק העונשין; חבלה במזיד, לפי סעיף 413ה' בחוק העונשין; נהיגה ללא רישיון נהיגה, לפי סעיף 10(א) בפקודת התעבורה, התשכ""א – 1961; ונהיגה ללא פוליסת ביטוח בתוקף, לפי סעיף 2(א) ו – (ב) בפקודת ביטוח רכב מנועי [נוסח משולב] תש""ל – 1970.",1.0,,,,,,,,,,,,,לא,,,נשק עם כדור בקנה,כן,לא,,ברכב,כן,סכסוך,ירי,"נגרם נזק מועט, פוטנציאל נזק גדול",לא,5 - 8 שנים,4 - 7 שנים,5 שנים,,,
120,18/02/2024 11:47:39,איתי,ME-16-08-44157-713,כן,144 ב,סחר בנשק,קשירת קשר לביצוע פשע,,1.0,1.0,,,,,,,,,,,כן,,"מכר ב 10,500",נשק מופרד מתחמושת,כן,כן,מחסנית,בבית,כן,בצע כסף,,"לא נגרם נזק, פוטנציאל נזק גדול",לא,3 - 7 שנים,18 - 36 חודשים,24 חודשים,הציע עסקה לעוד נשקים אבל בסוף העסקה הייתה רק על הקרל גוסטב!,,
121,19/02/2024 09:41:19,ליאור,ME-16-08-44157-713,כן,144 ב,סחר בנשק,קשירת קשר לביצוע פשע,,1.0,1.0,,,,,,,,,,,כן,,"מכר ב 10,500",נשק מופרד מתחמושת,כן,כן,מחסנית,בבית,כן,בצע כסף,,"לא נגרם נזק, פוטנציאל נזק גדול",לא,3 - 7 שנים,18 - 36 חודשים,24 חודשים,,,
122,25/02/2024 11:30:02,איתי,SH-16-08-44380-642,כן,144 א,החזקה נשק,החזקת אביזר נשק,,,1.0,,,,,,,,,,,לא,,,נשק מופרד מתחמושת,כן,לא,מחסנית,"בבית, מוסלק - מוסתר",כן,,,פוטנציאל נזק גדול,לא,2 - 4 שנים,14 - 36 חודשים,14 חודשים,הנאשם סירב לשפוך אור על הסיבה להימצאות הנשק והתחמושת וניסיונות שירות המבחן להעמיק בנושא נתקלו בעמדות מבוצרות של הנאשם שטען כי מצא את הנשק בחצר הבית והחביא אותו במטרה להרחיקו מאחיו הקטנים.,,
123,07/03/2024 11:00:14,ליאור,SH-16-08-44380-642,כן,144 א,החזקה נשק,החזקת אביזר נשק,,,1.0,,,,,,,,,,,לא,,,נשק מופרד מתחמושת,כן,לא,מחסנית,"בבית, מוסלק - מוסתר",כן,,,פוטנציאל נזק גדול,לא,2 - 4 שנים,14 - 36 חודשים,14 חודשים,,,
124,29/02/2024 11:16:01,רותם,ME-15-08-44579-251,כן,144 ב,נשיאת נשק,,1.0,,,,,,,,,,,,,כן,,,נשק מופרד מתחמושת,כן,לא,מחסנית ובה 0 כדורים,"ברכב, מוסלק - מוסתר",לא,,,"לא נגרם נזק, פוטנציאל נזק גדול",כן,2 - 4 שנים,7 - 30 חודשים,12 חודשים,,,
125,29/02/2024 13:23:04,חן,ME-15-08-44579-251,כן,144 ב,נשיאת נשק,,1.0,,,,,,,,,,,,,כן,,,נשק מופרד מתחמושת,כן,לא,מחסנית ובה 0 כדורים,"ברכב, מוסלק - מוסתר",לא,,,"לא נגרם נזק, פוטנציאל נזק גדול",כן,2 - 4 שנים,7 - 30 חודשים,12 חודשים,,,
126,18/02/2024 17:29:27,רותם,ME-16-06-44840-433,כן,"144 א, 144 ב","החזקה נשק, נשיאת נשק",סיוע לנסיון לתקיפה לפי סעיפים 379 + 25 + 31 לחוק,,,,,,1.0,2.0,,,,,,,כן,מאחר,,תקין,כן,לא,,"ברכב, מוסלק - מוסתר",כן,סכסוך,זריקת רימון,"לא נגרם נזק, פוטנציאל נזק גדול",לא,1 - 3 שנים,6 חודשים של עבודות שירות - 20 חודשים,8 חודשים,,,
127,22/02/2024 10:18:13,חן,ME-16-06-44840-433,כן,"144 א, 144 ב","החזקה נשק, נשיאת נשק",וסיוע לנסיון לתקיפה לפי סעיפים 379 + 25 + 31 לחוק,,,,,,1.0,2.0,,,,,,,כן,מאחר,,תקין,כן,לא,,"ברכב, מוסלק - מוסתר",כן,סכסוך,זריקת רימון,"לא נגרם נזק, פוטנציאל נזק גדול",לא,1 - 3 שנים,6 חודשים של עבודות שירות - 20 חודשים,8 חודשים,,,
128,22/02/2024 16:04:00,איתי,ME-16-07-45228-25,כן,144 ב,נשיאת נשק,,1.0,,,,,,,,,,,,,לא,,,נשק עם מחסנית בהכנס,כן,לא,מחסנית ובה 10 כדורים,"בבית, על גופו, מוסלק - מוסתר",כן,,לא,"לא נגרם נזק, פוטנציאל נזק גדול",כן,2 - 4 שנים,10 - 30 חודשים,12 חודשים,"אין ניתן לייחס לנאשם תכנון ארוך-טווח קודם לביצוע העבירה. עם זאת, מתוך תיאור הדברים, אין ניתן להתייחס אל מעשה-העבירה כמעידה רגעית, שכן הנאשם טרח להתחמק מאנשי-המשטרה ואף הסתיר את הנשק בחדר בבית דודו. 

* אין בחומר ראיה ברורה, המלמדת על מניעיו של הנאשם בביצוע המעשה.


הנאשם טען בפני קצין המבחן שמצא את כלי-הנשק. טענה זו לא זכתה לאמון מלא מצד קצין המבחן. אין בכוונתי לקבוע מסמרות בעניין זה בשלב הנוכחי. ",,
129,07/03/2024 09:48:39,ליאור,ME-16-07-45228-25,כן,144 ב,נשיאת נשק,,1.0,,,,,,,,,,,,,לא,,,נשק עם מחסנית בהכנס,כן,לא,מחסנית ובה 10כדורים,"בבית, על גופו, מוסלק - מוסתר",כן,,,"לא נגרם נזק, פוטנציאל נזק גדול",כן,2 - 4 שנים,10 - 30 חודשים,12 חודשים,,,
130,18/02/2024 12:08:06,איתי,ME-15-11-45465-294,כן,144 ב,"נשיאת נשק, סחר בנשק",,,2.0,,,,,,,,,,,,כן,,"מכר ב 8,000 שקל",נשק מופרד מתחמושת,כן,כן,3 מחסניות,ברכב,כן,בצע כסף,,"לא נגרם נזק, פוטנציאל נזק גדול",לא,4.5 - 8.5 שנים,24 - 60 חודשים,24 חודשים,,,
131,19/02/2024 11:11:40,ליאור,ME-15-11-45465-294,כן,144 ב,"נשיאת נשק, סחר בנשק",,,2.0,,,,,,,,,,,,כן,,"מכר ב 8,000 שקל",נשק מופרד מתחמושת,כן,כן,3 מחסניות,ברכב,כן,בצע כסף,,"לא נגרם נזק, פוטנציאל נזק גדול",לא,4.5 - 8.5 שנים,24 - 60 חודשים,24 חודשים,,,
132,22/02/2024 08:54:36,רותם,ME-22-03-46930-359,כן,"144 א, 144 ב","החזקה נשק, סחר בנשק",,1.0,,,,,,,,,,,,,כן,רכש,"16,000 שקל",נשק מופרד מתחמושת,כן,לא,מחסנית,,כן,בצע כסף,,"לא נגרם נזק, פוטנציאל נזק גדול",לא,60 - 80 חודשים,42 - 60 חודשים,32 חודשים,,,
133,22/02/2024 10:33:17,חן,ME-22-03-46930-359,כן,"144 א, 144 ב","החזקה נשק, סחר בנשק",,1.0,,,,,,,,,,,,,כן,רכש,"16,000 שקל",נשק מופרד מתחמושת,כן,לא,מחסנית,,כן,בצע כסף,,"לא נגרם נזק, פוטנציאל נזק גדול",לא,60 - 80 חודשים,42 - 60 חודשים,32 חודשים,,,
134,22/02/2024 14:58:52,רותם,SH-17-08-47445-166,כן,144 א,החזקה נשק,,1.0,,1.0,,,,,,,,,,,לא,,,תקין,לא,לא,,בבית,לא,,,"לא נגרם נזק, פוטנציאל נזק גדול",לא,2.5 - 5 שנים,1 - 2.5 שנים,9 חודשים,,,
135,25/02/2024 10:24:48,חן,SH-17-08-47445-166,כן,144 א,החזקה נשק,,1.0,,1.0,,,,,,,,,,,לא,,,תקין,לא,לא,,בבית,לא,,,"לא נגרם נזק, פוטנציאל נזק גדול",לא,2.5 - 5 שנים,1 - 2.5 שנים,9 חודשים,,,
136,22/02/2024 15:40:28,רותם,SH-12-07-47766-859,לא,144 א,החזקה נשק,,,,1.0,,,,,,,,,,,כן,,,תקין,לא,לא,מחסנית,"מוסלק - מוסתר, סמוך לבית",לא,,,"לא נגרם נזק, פוטנציאל נזק גדול",לא,12 חודשים,8 - 18 חודשים,9 חודשים,,,
137,25/02/2024 11:19:44,חן,SH-12-07-47766-859,לא,144 א,החזקה נשק,,,,1.0,,,,,,,,,,,כן,,,תקין,לא,לא,מחסנית,"מוסלק - מוסתר, סמוך לבית",לא,,,"לא נגרם נזק, פוטנציאל נזק גדול",לא,12 חודשים,8 - 18 חודשים,9 חודשים,,,
138,25/02/2024 16:50:27,איתי,ME-14-03-48488-922,כן,"144 א, 144 ב","החזקה נשק, נשיאת נשק",היזק בזדון בחומר נפיץ,,,,,1.0,,,,,,,,,כן,ייצר,,תקין,כן,לא,,על גופו,כן,בצע כסף,הפעלת מטען,נגרם נזק,לא,,,42 חודשים,"והוא הניח אותו מתחת למושב נהג של אדם עמו לא היה לו כלל סכסוך, בעצם שימש
""חרב להשכיר"" ",,
139,25/02/2024 11:40:44,איתי,SH-15-03-49530-992,כן,144 א,החזקה נשק,,,,1.0,,,,,,,,,,,לא,,,נשק עם מחסנית בהכנס,לא,לא,2 מחסניות,"מוסלק - מוסתר, סמוך לבית",לא,,,לא נגרם נזק,לא,24 - 48 חודשים,10 - 20 חודשים,10 חודשים,אין אזכור ל 144 א או ב,,
140,07/03/2024 13:04:18,ליאור,SH-15-03-49530-992,כן,144 א,החזקה נשק,,,,1.0,,,,,,,,,,,לא,,,נשק עם מחסנית בהכנס,לא,לא,2 מחסניות,"מוסלק - מוסתר, סמוך לבית",לא,,,לא נגרם נזק,לא,24 - 48 חודשים,10 - 20 חודשים,10 חודשים,,,
141,25/02/2024 16:39:33,איתי,SH-16-11-49772-358,כן,144 א,החזקה נשק,גניבה,,,,,,,,,,,,,,כן,גנב,,תקין,לא,לא,,מוסלק - מוסתר,לא,בצע כסף,,"לא נגרם נזק, פוטנציאל נזק גדול",לא,20 - 42 חודשים,7 - 24 חודשים,7 חודשים,,,
142,18/02/2024 14:51:36,רותם,ME-16-06-50916-362,כן,144 ב,נשיאת נשק,"איומים, עבירה לפי סעיף 192  לחוק העונשין, יריות באזור מגורים, עבירה לפי סעיף 340א לחוק העונשין, מעשה פזיזות ורשלנות, עבירה לפי סעיף 338(א)(5) לחוק העונשין, נהיגה בזמן פסילה, עבירה לפי סעיף 67 לפקודת התעבורה תשכ""א – 1961 ונהיגה ללא רישיון נהיגה, עבירה לפי סעיף 10א וסעיף 62(1) לפקודת התעבורה [נוסח חדש],תשכ""א-1961.",,1.0,,,,,,,,,,,,כן,,,נשק עם כדור בקנה,כן,לא,,ברכב,לא,סכסוך,ירי,"לא נגרם נזק, פוטנציאל נזק גדול",לא,3.5 - 6 שנים,28 - 48 חודשים,32 חודשים,,,
143,18/02/2024 14:59:06,חן,ME-16-06-50916-362,כן,144 ב,נשיאת נשק,"איומים, עבירה לפי סעיף 192  לחוק העונשין, יריות באזור מגורים, עבירה לפי סעיף 340א לחוק העונשין, מעשה פזיזות ורשלנות, עבירה לפי סעיף 338(א)(5) לחוק העונשין, נהיגה בזמן פסילה, עבירה לפי סעיף 67 לפקודת התעבורה תשכ""א – 1961 ונהיגה ללא רישיון נהיגה, עבירה לפי סעיף 10א וסעיף 62(1) לפקודת התעבורה [נוסח חדש],תשכ""א-1961 (להלן: פקודת התעבורה).",,1.0,,,,,,,,,,,,כן,,,נשק עם כדור בקנה,כן,לא,,ברכב,לא,סכסוך,ירי,"לא נגרם נזק, פוטנציאל נזק גדול",לא,3.5 - 6 שנים,28 - 48 חודשים,32 חודשים,,,
144,22/02/2024 09:35:03,רותם,ME-16-12-50986-619,כן,144 ב,"נשיאת נשק, הובלת נשק","בעבירות של קשירת קשר לפשע, לפי סעיף 449(א)(1) לחוק העונשין; איומים, לפי סעיף 192 לחוק העונשין;  וירי באזור מגורים, לפי סעיף 340 א' לחוק העונשין.",,,,,,,,,,,,,כלי נשק,כן,,,נשק עם כדור בקנה,לא,לא,,ברכב,לא,סכסוך,ירי,"לא נגרם נזק, פוטנציאל נזק גדול",לא,3 - 5 שנים,15 - 42 חודשים,24 חודשים,,,
145,22/02/2024 11:12:36,חן,ME-16-12-50986-619,כן,144 ב,"נשיאת נשק, הובלת נשק","קשירת קשר לפשע, לפי סעיף 449(א)(1) לחוק העונשין תשל""ז-1977, איומים, לפי סעיף 192 לחוק העונשין;  וירי באזור מגורים, לפי סעיף 340 א' לחוק העונשין.",,,,,,,,,,,,,כלי נשק,כן,,,נשק עם כדור בקנה,לא,לא,,ברכב,לא,סכסוך,ירי,"לא נגרם נזק, פוטנציאל נזק גדול",לא,3 - 5 שנים,15 - 42 חודשים,24 חודשים,,,
146,29/02/2024 13:46:31,רותם,ME-12-09-51207-971,כן,"144 א, 144 ב","החזקה נשק, ייצור נשק",יריות באזור מגורים - עבירה לפי סעיף 340א לחוק.,,,,,,,,,,,,,,לא,ייצר,,נשק עם כדור בקנה,כן,לא,,"בבית, על גופו",לא,חתונה,ירי,"לא נגרם נזק, פוטנציאל נזק קטן",לא,12 - 36 חודשים,6 חודשים בעבודות שירות - 12 חודשים במאסר בפועל; מספר חודשים בעבודות שירות - מספר חודשים במאסר בפועל,,לא קיבל עונש של מאסר בפועל,,
147,25/02/2024 13:32:22,רותם,m06005127-464,כן,144 א,החזקה נשק,"החזקת נכס חשוד כגנוב, עבירה לפי סעיף 413 לחוק העונשין.",1.0,,,,,,,,,,,,,כן,,,תקין,כן,לא,,ברכב,לא,,,לא נגרם נזק,לא,,,24 חודשים,"אין דברי המאשימה, אין מתחם ענישה",,
148,25/02/2024 16:26:34,חן,m06005127-464,כן,144 א,החזקה נשק,"בעבירה של החזקת נכס חשוד כגנוב, עבירה לפי סעיף 413 לחוק העונשין.",1.0,,,,,,,,,,,,,כן,,,תקין,כן,לא,,ברכב,לא,,,לא נגרם נזק,לא,,,24 חודשים,,,
149,25/02/2024 12:37:12,איתי,ME-14-02-51828-88,כן,144 ב,"נשיאת נשק, הובלת נשק",,,,,,,,,,,,,,2 רובי צייד מאולתרים,לא,,,תקין,כן,לא,,ברכב,לא,,,"לא נגרם נזק, פוטנציאל נזק גדול",לא,3 - 5 שנים,12 - 28 חודשים,6 חודשים בעבודות שירות,,,
150,07/03/2024 14:29:25,ליאור,ME-14-02-51828-88,כן,144 ב,"נשיאת נשק, הובלת נשק",,,,,,,,,,,,,,2 רובי צייד מאולתרים,לא,,,תקין,כן,לא,,ברכב,לא,,,"לא נגרם נזק, פוטנציאל נזק גדול",לא,3 - 5 שנים,12 - 28 חודשים,6 חודשים בעבודות שירות,,,
151,22/02/2024 10:56:09,רותם,ME-16-02-59812-881,כן,"144 א, 144 ב","החזקה נשק, נשיאת נשק, הובלת נשק",,,,,,,1.0,,,,,,,,כן,מאחר,,תקין,כן,לא,,ברכב,לא,,,לא נגרם נזק,לא,3.5 - 8.5 שנים,12 - 36 חודשים,12 חודשים,,,
152,22/02/2024 12:27:24,חן,ME-16-02-59812-881,כן,"144 א, 144 ב","החזקה נשק, נשיאת נשק, הובלת נשק",,,,,,,1.0,,,,,,,,כן,מאחר,,תקין,כן,לא,,ברכב,לא,,,לא נגרם נזק,לא,3.5 - 8.5 שנים,12 - 36 חודשים,12 חודשים,,,
153,18/02/2024 14:00:38,איתי,SH-20-02-52091-995,כן,144 א,החזקה נשק,,,,1.0,,,,,,,,,,,לא,,,נשק מופרד מתחמושת,כן,לא,20 כדורים,בבית,לא,,,לא נגרם נזק,לא,26 - 40 חודשים,18 - 36 חודשים,18 חודשים,,,
154,25/02/2024 10:53:04,ליאור,SH-20-02-52091-995,כן,144 א,החזקה נשק,,,,1.0,,,,,,,,,,,לא,,,נשק מופרד מתחמושת,כן,לא,20 כדורים,בבית,לא,,,לא נגרם נזק,לא,26 - 40 חודשים,18 - 36 חודשים,18 חודשים,,,
155,22/02/2024 14:35:15,רותם,SH-18-07-52337-770,כן,144 א,החזקה נשק,,,,1.0,,,,,,,,,,,לא,מאחר,,תקין,כן,לא,,"בבית, מוסלק - מוסתר",לא,,,"לא נגרם נזק, פוטנציאל נזק גדול",לא,2 - 4 שנים,1.5 - 3 שנים,18 חודשים,,,
156,25/02/2024 10:14:57,חן,SH-18-07-52337-770,כן,144 א,החזקה נשק,,,,1.0,,,,,,,,,,,לא,מאחר,,תקין,כן,לא,,"בבית, מוסלק - מוסתר",לא,,,"לא נגרם נזק, פוטנציאל נזק גדול",לא,2 - 4 שנים,1.5 - 3 שנים,18 חודשים,,,
157,18/02/2024 15:00:32,רותם,ME-22-03-52964-443,כן,"144 א, 144 ב","החזקה נשק, נשיאת נשק, הובלת נשק",עבירת הפרעה לשוטר במילוי תפקידו לפי סעיף 275 לחוק.,1.0,,,,,,,,,,,,,כן,,,נשק עם מחסנית בהכנס,כן,לא,"מחסנית ובה 16 כדורים, מחסנית ובה 16 כדורים",על גופו,כן,סכסוך,,"לא נגרם נזק, פוטנציאל נזק גדול",כן,30 - 60 חודשים,30 - 45 חודשים,36 חודשים,,,
158,18/02/2024 15:07:47,חן,ME-22-03-52964-443,כן,"144 א, 144 ב","החזקה נשק, נשיאת נשק, הובלת נשק",ובעבירת הפרעה לשוטר במילוי תפקידו לפי סעיף 275 לחוק.,1.0,,,,,,,,,,,,,כן,,,נשק עם מחסנית בהכנס,כן,לא,"מחסנית ובה 16 כדורים, מחסנית ובה 16 כדורים",על גופו,כן,סכסוך,,"לא נגרם נזק, פוטנציאל נזק גדול",כן,30 - 60 חודשים,30 - 45 חודשים,36 חודשים,,,
159,18/02/2024 12:15:27,איתי,ME-13-10-53169-537,כן,144 ב,נשיאת נשק,,1.0,,,,,,,,,,,,,לא,,,נשק עם מחסנית בהכנס,לא,לא,מחסנית ריקה ובה 0 כדורים + 2 כדורים + 17 כדורים,"ברכב, על גופו",כן,,ירי,"לא נגרם נזק, פוטנציאל נזק גדול",לא,12 - 36 חודשים,6 חודשים - 2.5 שנים,6 חודשים,,,
160,19/02/2024 11:27:31,ליאור,ME-13-10-53169-537,כן,144 ב,נשיאת נשק,,1.0,,,,,,,,,,,,,לא,,,נשק עם מחסנית בהכנס,לא,לא,מחסנית ריקה ובה 0 כדורים + 2 כדורים + 17 כדורים,"ברכב, על גופו",כן,,ירי,"לא נגרם נזק, פוטנציאל נזק גדול",לא,12 - 36 חודשים,6 חודשים - 2.5 שנים,6 חודשים,,,
161,29/02/2024 10:34:50,רותם,SH-17-11-53539-235,כן,144 א,החזקה נשק,,1.0,,,,,,,,,,,,,כן,,,נשק מופרד מתחמושת,לא,לא,"מחסנית ובה 0 כדורים, 28 כדורים",בבית,כן,,לא,"לא נגרם נזק, פוטנציאל נזק גדול",לא,18 - 36 חודשים,6 - 18 חודשים,10 חודשים,"עוד הנאשם החזיק בביתו שני קליעי ספוג, אקדח אויר, אגרופן וכן סכין קומנדו.
הנאשם החזיק בנשק לצרכי הגנה עצמית מה גם שטענה זו לא הוכחה",,
162,29/02/2024 11:20:41,חן,SH-17-11-53539-235,כן,144 א,החזקה נשק,,1.0,,,,,,,,,,,,,כן,,,נשק מופרד מתחמושת,לא,לא,"מחסנית ובה 0 כדורים, 28 כדורים",בבית,כן,,,"לא נגרם נזק, פוטנציאל נזק גדול",לא,18 - 36 חודשים,6 - 18 חודשים,10 חודשים,,,
163,18/02/2024 14:05:41,איתי,ME-19-01-53615-8,כן,144 ב,"נשיאת נשק, הובלת נשק",          ירי מנשק חם באזור מגורים,,,1.0,,,,,,,,,,,כן,,,נשק עם כדור בקנה,כן,לא,מחסנית,"ברכב, על גופו",לא,תחושת חוסר אונים וצורך בקבלת עזרה חיצונית במצבו,ירי,"לא נגרם נזק, פוטנציאל נזק גדול",כן,3 - 5 שנים,20 - 50 חודשים,27 חודשים,,,
164,25/02/2024 11:37:32,ליאור,ME-19-01-53615-8,כן,144 ב,"נשיאת נשק, הובלת נשק",          ירי מנשק חם באזור מגורים,,,1.0,,,,,,,,,,,כן,,,נשק עם כדור בקנה,כן,לא,מחסנית,"ברכב, על גופו",לא,תחושת חוסר אונים וצורך בקבלת עזרה חיצונית במצבו,ירי,"לא נגרם נזק, פוטנציאל נזק גדול",כן,3 - 5  שנים,20 - 50 חודשים,27 חודשים,,,
165,25/02/2024 14:16:15,איתי,ME-17-02-54432-484,כן,"144 א, 144 ב","החזקה נשק, נשיאת נשק",,1.0,,,,,,,,,,,,,לא,,,נשק עם מחסנית בהכנס,לא,לא,מחסנית ובה 7 כדורים,"ברכב, על גופו",כן,הגנה עצמית,,"לא נגרם נזק, פוטנציאל נזק גדול",לא,3 - 5 שנים,10 - 30 חודשים,6 חודשים בעבודות שירות,,,
166,07/03/2024 16:50:22,ליאור,ME-17-02-54432-484,כן,"144 א, 144 ב","החזקה נשק, נשיאת נשק",,1.0,,,,,,,,,,,,,לא,,,נשק עם מחסנית בהכנס,לא,לא,מחסנית ובה 7 כדורים,"ברכב, על גופו",כן,הגנה עצמית,,"לא נגרם נזק, פוטנציאל נזק גדול",לא,3 - 5 שנים,10 - 30 חודשים,6 חודשים בעבודות שירות,,,
167,18/02/2024 13:44:18,איתי,ME-16-03-54615-517,כן,144 ב,סחר בנשק,,,2.0,,,,,,,,,,,,כן,,"מכר ב 3,000 שקל",תקול,לא,לא,,,כן,בצע כסף,ניסיון לירי ללא הצלחה,"לא נגרם נזק, פוטנציאל נזק קטן",לא,3 - 7 שנים,20 - 40 חודשים,24 חודשים,,,
168,22/02/2024 16:03:50,ליאור,ME-16-03-54615-517,כן,144 ב,סחר בנשק,,,2.0,,,,,,,,,,,,כן,,"מכר ב 3,000 שקל",תקול,לא,לא,,,כן,בצע כסף,ניסיון לירי ללא הצלחה,"לא נגרם נזק, פוטנציאל נזק קטן",לא,3 - 7 שנים,20 - 40 חודשים,24 חודשים,,,
169,25/02/2024 11:21:01,רותם,ME-16-08-54879-35,כן,144 ב,"נשיאת נשק, הובלת נשק",,,,1.0,,,,,,,,,,,כן,,,נשק מופרד מתחמושת,כן,לא,מחסנית ובה 7 כדורים,"על גופו, סמוך לבית",לא,,,"לא נגרם נזק, פוטנציאל נזק גדול",לא,2.5 - 4.5 שנים,12 - 36 חודשים,16 חודשים,,,
170,25/02/2024 14:56:41,חן,ME-16-08-54879-35,כן,144 ב,"נשיאת נשק, הובלת נשק",,,,1.0,,,,,,,,,,,כן,,,נשק מופרד מתחמושת,כן,לא,מחסנית ובה 7 כדורים,"על גופו, סמוך לבית",לא,,,"לא נגרם נזק, פוטנציאל נזק גדול",לא,2.5 - 4.5 שנים,12 - 36 חודשים,16 חודשים,,,
171,18/02/2024 13:17:12,איתי,ME-16-11-56385-886,כן,144 א,החזקה נשק,,1.0,,,,,,,,,,,,,כן,גנב,,נשק עם כדור בקנה,לא,לא,,על גופו,לא,,,לא נגרם נזק,לא,1 - 3 שנים,9 - 30 חודשים,11 חודשים,,,
172,22/02/2024 14:28:46,ליאור,ME-16-11-56385-886,כן,144 א,החזקה נשק,,1.0,,,,,,,,,,,,,כן,גנב,,נשק עם כדור בקנה,לא,לא,,על גופו,לא,,,לא נגרם נזק,לא,1 - 3 שנים,9 - 30 חודשים,11 חודשים,,,
173,18/02/2024 11:37:05,איתי,ME-16-03-59260-279,כן,"144 א, 144 ב","החזקה נשק, נשיאת נשק",,1.0,,,,,,,,,,,,,לא,,,נשק עם מחסנית בהכנס,כן,לא,מחסנית ובה 14 כדורים,"ברכב, מחסן",כן,סכסוך,,"לא נגרם נזק, פוטנציאל נזק גדול",לא,18 - 48 חודשים,12 - 30 חודשים,12 חודשים,,,
174,19/02/2024 09:26:37,ליאור,ME-16-03-59260-279,כן,"144 א, 144 ב","החזקה נשק, נשיאת נשק",,1.0,,,,,,,,,,,,,לא,,,נשק עם מחסנית בהכנס,כן,לא,מחסנית ובה 14 כדורים,"ברכב, מחסן",כן,סכסוך,,"לא נגרם נזק, פוטנציאל נזק גדול",לא,18 - 48 חודשים,12 - 30 חודשים,12 חודשים,,,
175,22/02/2024 10:43:19,רותם,ME-16-02-59812-881,כן,144 ב,סחר בנשק,"מסירת ידיעה כוזבת על עבירת פשע, לפי סעיף 243 סיפא לחוק; שיבוש הליכי משפט, לפי סעיף 244 לחוק.",1.0,,,,,,,,,,,,,לא,עבודה,"8,000 שקל",תקין,כן,לא,"2 מחסניות, 20 כדורים",,כן,מימון סמים,,"נגרם נזק, פוטנציאל נזק גדול",לא,2 - 6 שנים; 6 - 18 חודשים,"18 - 36 חודשים; מאסר על תנאי ושל""צ - 1 שנים בפועל",6 חודשים בעבודות שירות,,,
176,22/02/2024 11:59:37,חן,ME-16-02-59812-881,כן,144 ב,סחר בנשק,"מסירת ידיעה כוזבת על עבירת פשע, לפי סעיף 243 סיפא לחוק. שיבוש הליכי משפט, לפי סעיף 244 לחוק.",1.0,,,,,,,,,,,,,לא,עבודה,"8,000 שקל",תקין,כן,לא,"2 מחסניות, 20 כדורים",,כן,מימון סמים,,"נגרם נזק, פוטנציאל נזק גדול",לא,2 - 6 שנים; 6 - 18 חודשים,"18 - 36 חודשים; מאסר על תנאי ושל""צ - 1 שנים בפועל",6 חודשים בעבודות שירות,,,
177,19/02/2024 11:27:03,איתי,SH-19-07-60805-168,כן,144 א,החזקה נשק,,1.0,,,,,,,,,,,,,כן,,,נשק עם מחסנית בהכנס,לא,לא,מחסנית ובה 10 כדורים,"ברכב, מוסלק - מוסתר",לא,,,לא נגרם נזק,לא,18 - 40 חודשים,15 - 30 חודשים,18 חודשים,,,
178,25/02/2024 17:16:00,ליאור,SH-19-07-60805-168,כן,144 א,החזקה נשק,,1.0,,,,,,,,,,,,,כן,,,נשק עם מחסנית בהכנס,לא,לא,מחסנית ובה 10 כדורים,"ברכב, מוסלק - מוסתר",לא,,,לא נגרם נזק,לא,18 - 40 חודשים,15 - 30 חודשים,18 חודשים,,,
179,18/02/2024 14:24:16,רותם,ME-17-04-613-913,כן,144 ב,"נשיאת נשק, הובלת נשק",,1.0,,,,,,,,,,,,,לא,,,נשק עם מחסנית בהכנס,כן,לא,מחסנית ובה 15 כדורים,"ברכב, על גופו",לא,,,"לא נגרם נזק, פוטנציאל נזק גדול",לא,2 - 4 שנים,10 - 30 חודשים,6 חודשים בעבודות שירות,,,
180,18/02/2024 14:26:45,חן,ME-17-04-613-913,כן,144 ב,"נשיאת נשק, הובלת נשק",,1.0,,,,,,,,,,,,,לא,,,נשק עם מחסנית בהכנס,כן,לא,מחסנית ובה 15 כדורים,"ברכב, על גופו",לא,,,"לא נגרם נזק, פוטנציאל נזק גדול",לא,2 - 4 שנים,10 - 30 חודשים,6 חודשים בעבודות שירות,,,
181,25/02/2024 09:30:59,רותם,ME-17-10-62597-895,כן,144 ב,"נשיאת נשק, הובלת נשק",,1.0,,,,,,,,,,,,,כן,,,תקין,כן,לא,"מחסנית, כדורים",על גופו,לא,,,"לא נגרם נזק, פוטנציאל נזק גדול",לא,20 - 48 חודשים,6 - 30 חודשים,6 חודשים בעבודות שירות,,,
182,25/02/2024 14:05:02,חן,ME-17-10-62597-895,כן,144 ב,"נשיאת נשק, הובלת נשק",,1.0,,,,,,,,,,,,,כן,,,תקין,כן,לא,"מחסנית, כדורים",על גופו,לא,,,"לא נגרם נזק, פוטנציאל נזק גדול",לא,20 - 48 חודשים,6 - 30 חודשים,6 חודשים בעבודות שירות,,,
183,22/02/2024 12:05:22,רותם,ME-20-01-62688-591,כן,144 ב,"נשיאת נשק, הובלת נשק","חבלה בכוונה מחמירה - עבירה לפי סעיף 329 (א)(1) לחוק העונשין; החזקת סם מסוכן לצריכה עצמית - עבירה לפי סעיף 7(א) + (ג) סיפא לפקודת הסמים המסוכנים [נוסח חדש], התשל""ג-1973.",1.0,,,,,,,,,,,,,כן,,,נשק עם כדור בקנה,כן,לא,,"ברכב, על גופו",כן,סכסוך,ירי,"נגרם נזק רב, פוטנציאל נזק גדול",לא,5 - 8 שנים,2.5 - 5 שנים,30 חודשים,,,
184,22/02/2024 14:41:13,חן,ME-20-01-62688-591,כן,144 ב,"נשיאת נשק, הובלת נשק","חבלה בכוונה מחמירה - עבירה לפי סעיף 329 (א)(1) לחוק העונשין, התשל""ז-1977 (להלן: ""החוק""); החזקת סם מסוכן לצריכה עצמית - עבירה לפי סעיף 7(א) + (ג) סיפא לפקודת הסמים המסוכנים [נוסח חדש], התשל""ג-1973.",1.0,,,,,,,,,,,,,כן,,,נשק עם כדור בקנה,כן,לא,,"ברכב, על גופו",כן,סכסוך,ירי,"נגרם נזק רב, פוטנציאל נזק גדול",לא,5 - 8 שנים,2.5 - 5 שנים,30 חודשים,,,
185,22/02/2024 11:25:34,רותם,ME-17-05-633-549,כן,"144 א, 144 ב","החזקה נשק, סחר בנשק",,2.0,,1.0,,,,,,,,,,,לא,רכש,"14,000 שקל",נשק מופרד מתחמושת,כן,לא,"2 מחסניות, מאות כדורים, 2 מחסניות ובהן 0 כדורים",מוסלק - מוסתר,כן,בצע כסף,,"לא נגרם נזק, פוטנציאל נזק גדול",לא,4 - 8 שנים; 6 חודשים של עבודות שירות - 6 חודשים; 10 - 24 חודשים,3 - 6 שנים,4 שנים,,,
186,22/02/2024 14:13:48,חן,ME-17-05-633-549,כן,"144 א, 144 ב","החזקה נשק, סחר בנשק",,2.0,,1.0,,,,,,,,,,,לא,רכש,"14,000 שקל",נשק מופרד מתחמושת,כן,לא,"2 מחסניות, מאות כדורים, 2 מחסניות ובהן 0 כדורים",מוסלק - מוסתר,כן,בצע כסף,,"לא נגרם נזק, פוטנציאל נזק גדול",לא,4 - 8 שנים; 6 חודשים של עבודות שירות - 6 חודשים; 10 - 24 חודשים,3 - 6 שנים,4 שנים,,,
187,18/02/2024 14:01:31,רותם,ME-16-06-64845-657,כן,144 ב,"נשיאת נשק, הובלת נשק",,1.0,,,,,,,,,,,,,לא,,,נשק מופרד מתחמושת,לא,לא,"מחסנית ובה 0 כדורים, 11 כדורים",ברכב,לא,,,"לא נגרם נזק, פוטנציאל נזק גדול",לא,18 - 48 חודשים,12 - 36 חודשים,18 חודשים,,,
188,18/02/2024 14:08:21,חן,ME-16-06-64845-657,כן,144 ב,"נשיאת נשק, הובלת נשק",,1.0,,,,,,,,,,,,,לא,,,נשק מופרד מתחמושת,לא,לא,"מחסנית ובה 0 כדורים, 11 כדורים",ברכב,לא,,,"לא נגרם נזק, פוטנציאל נזק גדול",לא,18 - 48 חודשים,12 - 36 חודשים,18 חודשים,,,
189,19/02/2024 10:48:55,איתי,SH-15-12-65958-120,כן,144 א,החזקה נשק,,2.0,,1.0,,,,,,,,,,,לא,,,נשק עם מחסנית בהכנס,כן,לא,מחסנית ובה 8 כדורים + מחסנית ובה 15 כדורים + מחסנית ריקה ובה 0 כדורים + מחסנית ובה 6 כדורים,"בבית, מוסלק - מוסתר",כן,הגנה עצמית,,לא נגרם נזק,לא,3 - 5 שנים,18 - 36 חודשים,20 חודשים,,,
190,25/02/2024 14:33:13,ליאור,SH-15-12-65958-120,כן,144 א,החזקה נשק,,2.0,,1.0,,,,,,,,,,,לא,,,נשק עם מחסנית בהכנס,כן,לא,מחסנית ובה 8 כדורים + מחסנית ובה 15 כדורים + מחסנית ריקה ובה 0 כדורים + מחסנית ובה 6 כדורים,"בבית, מוסלק - מוסתר",כן,הגנה עצמית,,לא נגרם נזק,לא,3 - 5 שנים,18 - 36 חודשים,20 חודשים,,,
191,18/02/2024 13:50:20,איתי,ME-14-12-6904-57,כן,144 ב,"נשיאת נשק, הובלת נשק",החזקת סם לצריכה עצמית,,,1.0,,,,,,,,,,,לא,רכש,"קנה ב 4,000 שקל",נשק מופרד מתחמושת,לא,לא,מחסנית,"בבית, על גופו, מוסלק - מוסתר",כן,הגנה עצמית,,לא נגרם נזק,לא,24 - 48 חודשים,12 - 36 חודשים,18 חודשים,,,
192,22/02/2024 16:35:12,ליאור,ME-14-12-6904-57,כן,144 ב,"נשיאת נשק, הובלת נשק",החזקת סם לצריכה עצמית,,,1.0,,,,,,,,,,,לא,רכש,"קנה ב 4,000 שקל",נשק מופרד מתחמושת,לא,לא,מחסנית,"בבית, על גופו, מוסלק - מוסתר",כן,הגנה עצמית,,לא נגרם נזק,לא,24 - 48 חודשים,12 - 36 חודשים,18 חודשים,,,
193,18/02/2024 13:39:29,איתי,ME-16-11-69158-529,כן,144 ב,נשיאת נשק ,ירי באזור מגורים,,1.0,,,,,,,,,,,,לא,,,נשק עם כדור בקנה,כן,לא,מחסנית,"ברכב, מוסלק - מוסתר, סמוך לבית",כן,חתונה,ירי,"לא נגרם נזק, פוטנציאל נזק גדול",לא,3 - 5 שנים,16 - 40 חודשים,17 חודשים,,,
194,22/02/2024 15:41:01,ליאור,ME-16-11-69158-529,כן,144 ב,נשיאת נשק,ירי באזור מגורים,,1.0,,,,,,,,,,,,לא,,,נשק עם כדור בקנה,כן,לא,מחסנית,"ברכב, מוסלק - מוסתר, סמוך לבית",כן,חתונה,ירי,"לא נגרם נזק, פוטנציאל נזק גדול",לא,3 - 5 שנים,16 - 40 חודשים,17 חודשים,,,
195,22/02/2024 13:53:04,איתי,ME-20-11-72146-895,כן,144 ב,"נשיאת נשק, הובלת נשק",ניסיון לחבלה חמורה בנסיבות מחמירות לפי סעיפים 333 + 335(א)(1) + סעיף 25 לחוק העונשין; שיבוש מהלכי משפט לפי סעיף 244 לחוק העונשין והפרעה לשוטר בשעת מילוי תפקידו לפי סעיף 275 לחוק העונשין.,1.0,,,,,,,,,,,,,לא,,,נשק עם כדור בקנה,כן,לא,מחסנית,על גופו,כן,סכסוך,ירי,"לא נגרם נזק, פוטנציאל נזק גדול",כן,5 - 7 שנים,3 - 5 שנים,3.5 שנים,,,
196,29/02/2024 15:00:23,ליאור,ME-20-11-72146-895,כן,144 ב,"נשיאת נשק, הובלת נשק","ניסיון לחבלה חמורה בנסיבות מחמירות ,שיבוש מהלכי משפט ,הפרעה לשוטר בשעת מילוי תפקידו",1.0,,,,,,,,,,,,,לא,,,נשק עם כדור בקנה,כן,לא,מחסנית,על גופו,כן,סכסוך,ירי,"לא נגרם נזק, פוטנציאל נזק גדול",כן,5 - 7 שנים,3 - 5 שנים,3.5 שנים,,,
197,25/02/2024 16:31:51,ליאור,sh-10-05-7434-952,כן,144 א,החזקה נשק,,2.0,,,,,,,,,,,,,לא,,,נשק מופרד מתחמושת,כן,לא,מחסנית,"בבית, מוסלק - מוסתר",לא,,,לא נגרם נזק,לא,,,4 חודשים עבודות שירות,"מאסר בפועל לתקופה שבין 5.5.10 ל-10.5.10, שבמהלכה שהה במעצר, וכן ארבעה חודשי מאסר בפועל לריצוי בדרך של עבודות שירות,",,
198,25/02/2024 16:44:56,איתי,sh-10-05-7434-952,כן,144 א,החזקה נשק,,2.0,,,,,,,,,,,,,לא,,,נשק עם מחסנית בהכנס,כן,לא,מחסנית,"בבית, מוסלק - מוסתר",לא,,,"לא נגרם נזק, פוטנציאל נזק גדול",לא,,4 חודשים עבודות שירות,,,,
199,22/02/2024 15:04:22,איתי,ME-14-11-7498-539,כן,"144 א, 144 ב","החזקה נשק, נשיאת נשק, הובלת נשק, ניסיון לסחר","עבירות של קשירת קשר לביצוע פשע, גניבה,",,,,,,,,,,,,,,לא,מאחר,,נשק עם מחסנית בהכנס,כן,לא,מחסנית ובה 29 כדורים,"ברכב, מוסלק - מוסתר",כן,בצע כסף,,"לא נגרם נזק, פוטנציאל נזק גדול",לא,36 - 72 חודשים,3 - 6 שנים,6 חודשים,,2.0,
200,19/02/2024 10:55:59,איתי,SH-16-11-7544-55,כן,144 א,החזקה נשק,,,,1.0,,,,,,,,,,,כן,,,נשק מופרד מתחמושת,כן,לא,מחסנית ובה 10 כדורים,על גופו,לא,,,פוטנציאל נזק גדול,לא,2.5 - 4.5 שנים,13 - 36 חודשים,21 חודשים,,,
201,25/02/2024 14:44:32,ליאור,SH-16-11-7544-55,כן,144 א,החזקה נשק,,,,1.0,,,,,,,,,,,כן,,,נשק מופרד מתחמושת,כן,לא,מחסנית ובה 10 כדורים,על גופו,לא,,,פוטנציאל נזק גדול,לא,2.5 - 4.5 שנים,13 - 36 חודשים,21 חודשים,,,
202,29/02/2024 15:11:01,רותם,ME-09-11-7566-913,כן,"144 א, 144 ב",ביצוע עבירות בנשק,,1.0,,,,,,,,,,,,,לא,מצא,,תקול,כן,לא,,ברכב,לא,,,לא נגרם נזק,לא,,,6 חודשים בעבודות שירות,אין מתחם ענישה,,
203,25/02/2024 10:52:41,רותם,m01008097-376,כן,"144 א, 144 ב",,"עבירת מעשה פזיזות ורשלנות כהגדרתם בס""ק 338 (5) לחוק העונשין",,,,,,1.0,,,,,,,,לא,,,תקין,כן,לא,"כדורים, 2 מחסניות","בבית, על גופו",לא,,זריקת רימון,לא נגרם נזק,לא,,,,"אין מתחם ענישה, אין דברי המאשימה, אין עונש",,
204,25/02/2024 14:22:44,חן,m01008097-376,כן,"144 א, 144 ב",,"ועבירת מעשה פזיזות ורשלנות כהגדרתם בס""ק 338 (5) לחוק העונשין.",,,,,,1.0,,,,,,,,לא,,,תקין,כן,לא,"כדורים, 2 מחסניות","בבית, על גופו",לא,,זריקת רימון,לא נגרם נזק,לא,,,,500 שעות של עבודות שירות,,
205,29/02/2024 09:32:31,ליאור,m04008192-374,לא,144 ב,החזקה נשק,,,,,,,,1.0,,,,,,,,,,,,,,,לא,,,לא נגרם נזק,כן,,,6 חודשים,,,
206,22/02/2024 10:02:06,רותם,SH-14-11-8987-965,כן,144 א,החזקה נשק,גניבה לפי סעיפים 384,1.0,,,,,,,,,,,,,כן,גנב,,תקול,כן,לא,,,לא,,,"לא נגרם נזק, פוטנציאל נזק קטן",לא,12 - 30 חודשים,10 - 18 חודשים,4 חודשים בעבודות שירות,,,
207,22/02/2024 11:19:59,חן,SH-14-11-8987-965,כן,144 א,החזקה נשק,"גניבה והחזקת נשק שלא כדין – לפי סעיפים 384 ו- 144(א) לחוק העונשין התשל""ז – 1977.",1.0,,,,,,,,,,,,,כן,גנב,,תקול,כן,לא,,,לא,,,"לא נגרם נזק, פוטנציאל נזק קטן",לא,12 - 30 חודשים,10 - 18 חודשים,4 חודשים בעבודות שירות,,,
208,29/02/2024 13:18:39,רותם,ME-15-02-9111-399,כן,144 א,,,1.0,,,,,,,,,,,,,לא,,,נשק מופרד מתחמושת,כן,לא,מחסנית ובה 13 כדורים,על גופו,לא,,,"לא נגרם נזק, פוטנציאל נזק גדול",כן,2.5 - 4.5 שנים,10 - 36 חודשים,10 חודשים,,,
209,22/02/2024 09:18:49,רותם,ME-16-10-9348-780,כן,144 ב,נשיאת נשק,,,,,,,,,,,1.0,,,,לא,גנב,,נשק מופרד מתחמושת,כן,לא,75 כדורים,"בבית, ברכב",לא,לעורר את אביו,,"לא נגרם נזק, פוטנציאל נזק גדול",לא,18 - 36 חודשים,מאסר מותנה עד למאסר בפועל של מספר חודשים שירוצו בעבודות שירות,8 חודשים על תנאי,העונש הינו 8 חודשים על תנאי ולא בפועל.,,
210,22/02/2024 10:50:49,חן,ME-16-10-9348-780,כן,144 ב,נשיאת נשק,,,,,,,,,,,1.0,,,,לא,גנב,,נשק מופרד מתחמושת,כן,לא,75 כדורים,"בבית, ברכב",לא,לעורר את אביו,,"לא נגרם נזק, פוטנציאל נזק גדול",לא,18 - 36 חודשים,מאסר מותנה עד למאסר בפועל של מספר חודשים שירוצו בעבודות שירות,8 חודשים על תנאי,,,
211,22/02/2024 16:24:18,רותם,SH-09-05-9349-998,כן,144 א,החזקה נשק,,1.0,,,,,,,,,,,,,לא,,,נשק מופרד מתחמושת,כן,לא,"מחסנית ובה 0 כדורים, 26 כדורים",בבית,לא,,,"לא נגרם נזק, פוטנציאל נזק גדול",לא,8 - 12 חודשים,,6 חודשים בעבודות שירות,"אין מתחם ענישה של השופט. 
השופט נותן לנאשם לבחור אם לרצות את העונש בדרך של עבודות שירות",,
212,25/02/2024 13:59:10,חן,SH-09-05-9349-998,כן,144 א,החזקה נשק,,1.0,,,,,,,,,,,,,לא,,,נשק מופרד מתחמושת,כן,לא,"מחסנית ובה 0 כדורים, 26 כדורים",בבית,לא,,,"לא נגרם נזק, פוטנציאל נזק גדול",לא,8 - 12 חודשים,,6 חודשים בעבודות שירות,,,
213,29/02/2024 10:50:45,רותם,ME-16-05-9968-487,כן,"144 א, 144 ב","החזקה נשק, נשיאת נשק",,,,1.0,,,,,,,,,,,לא,מאחר,,נשק עם מחסנית בהכנס,כן,לא,מחסנית,"בבית, מוסלק - מוסתר",לא,,,"לא נגרם נזק, פוטנציאל נזק גדול",לא,2 - 4 שנים,10 - 24 חודשים,10 חודשים,,,
214,29/02/2024 12:40:39,חן,ME-16-05-9968-487,כן,"144 א, 144 ב","החזקה נשק, נשיאת נשק",,,,1.0,,,,,,,,,,,לא,מאחר,,נשק עם מחסנית בהכנס,כן,לא,מחסנית,"בבית, מוסלק - מוסתר",לא,,,"לא נגרם נזק, פוטנציאל נזק גדול",לא,2 - 4 שנים,10 - 24 חודשים,10 חודשים,,,
215,22/02/2024 14:31:10,איתי,ME-16-05-9983-155,כן,"144 א, 144 ב","החזקה נשק, נשיאת נשק",,,,1.0,,,,,,,,,,,כן,מאחר,,נשק מופרד מתחמושת,לא,לא,מחסנית,מוסלק - מוסתר,לא,,,פוטנציאל נזק גדול,לא,2 - 4 שנים,9 חודשים - 3 שנים,12 חודשים,,,
216,29/02/2024 16:43:51,ליאור,ME-16-05-9983-155,כן,"144 א, 144 ב","החזקה נשק, נשיאת נשק",,,,1.0,,,,,,,,,,,כן,מאחר,,נשק מופרד מתחמושת,לא,לא,מחסנית,מוסלק - מוסתר,לא,,,פוטנציאל נזק גדול,לא,2 - 4 שנים,9 חודשים - 3 שנים,12 חודשים,,,
217,,,[],,,,,,,,,,,,,,,,,,,,,,,,,,,,,,,,,,,,
218,,,[],,,,,,,,,,,,,,,,,,,,,,,,,,,,,,,,,,,,
219,,,[],,,,,,,,,,,,,,,,,,,,,,,,,,,,,,,,,,,,
220,,,[],,,,,,,,,,,,,,,,,,,,,,,,,,,,,,,,,,,,
221,,,[],,,,,,,,,,,,,,,,,,,,,,,,,,,,,,,,,,,,
222,,x,[],117,,,,,,,,,,,,,,,,,,,,,,,,,,,,,,,,,,,